"","Control1","Control2","Control3","M1","M2","M3"
"A4galt",-1,0,0,1,-1,1
"A4gnt",-1,-1,-1,-1,-1,-1
"Aaas",0,-1,1,0,-1,1
"Aacs",0,-1,0,1,-1,1
"Aadac",0,-1,-1,-1,-1,-1
"Aadat",-1,-1,-1,1,-1,-1
"Aanat",0,-1,-1,-1,-1,-1
"Aars",-1,0,1,0,-1,1
"Aasdh",-1,0,1,-1,0,1
"Aasdhppt",0,-1,1,1,0,-1
"Aass",1,1,0,0,-1,-1
"Abat",0,1,1,-1,-1,0
"Abca1",-1,0,1,0,1,-1
"Abca3",0,1,0,-1,-1,1
"Abca4",1,-1,-1,1,0,0
"Abca8b",0,0,1,-1,-1,1
"Abcb11",-1,1,-1,-1,-1,-1
"Abcb1a",-1,0,1,0,-1,1
"Abcb4",1,0,1,-1,0,-1
"Abcb6",-1,-1,0,0,1,1
"Abcc1",-1,-1,1,0,0,1
"Abcc2",-1,-1,0,0,1,0
"Abcc3",-1,1,1,0,-1,0
"Abcc4",0,-1,1,0,-1,1
"Abcc5",-1,0,1,1,0,-1
"Abcc8",1,1,-1,0,-1,0
"Abcc9",0,-1,1,-1,0,1
"Abcd1",0,-1,0,-1,1,1
"Abcd2",-1,-1,1,1,0,0
"Abcd3",1,-1,0,-1,1,0
"Abcg1",0,1,1,-1,-1,0
"Abcg2",0,1,0,-1,-1,1
"Abcg5",-1,-1,0,-1,-1,-1
"Abcg8",-1,-1,-1,-1,0,-1
"Abhd12",-1,-1,1,0,0,1
"Abhd5",0,1,1,-1,0,-1
"Abhd6",1,-1,-1,0,1,0
"Abo",-1,-1,-1,-1,-1,-1
"Abtb2",1,1,-1,-1,0,0
"Acaa1a",-1,0,-1,0,1,1
"Acaa1b",0,1,-1,-1,1,0
"Acaa2",1,-1,0,-1,1,0
"Acaca",0,-1,0,1,-1,1
"Acacb",1,-1,0,-1,1,0
"Acad10",0,-1,-1,0,1,1
"Acad11",0,-1,1,-1,1,0
"Acad8",1,-1,-1,0,1,0
"Acad9",0,-1,1,-1,0,1
"Acadl",1,-1,0,-1,1,0
"Acadm",1,-1,0,-1,1,0
"Acads",1,-1,-1,0,1,0
"Acadsb",1,-1,1,0,0,-1
"Acadvl",1,-1,0,-1,1,0
"Acat1",1,-1,0,-1,1,0
"Acat2",0,-1,-1,1,0,1
"Ace",0,0,1,-1,-1,1
"Ace2",1,-1,1,-1,0,0
"Acer1",-1,-1,-1,-1,-1,-1
"Acer2",-1,-1,1,0,1,0
"Acer3",-1,0,1,0,-1,1
"Ache",0,1,-1,-1,0,1
"Acly",1,0,-1,0,-1,1
"Acmsd",-1,0,0,0,1,-1
"Aco1",-1,-1,1,0,0,1
"Aco2",1,-1,0,-1,1,0
"Acot1",0,1,-1,-1,1,0
"Acot11",1,-1,0,-1,1,0
"Acot12",-1,1,0,0,-1,0
"Acot13",1,-1,0,-1,1,0
"Acot2",0,-1,-1,0,1,1
"Acot3",1,-1,0,0,1,-1
"Acot4",-1,-1,1,0,1,0
"Acot6",1,1,0,0,-1,-1
"Acot7",-1,-1,0,0,1,1
"Acot8",1,1,-1,-1,0,0
"Acot9",0,-1,1,-1,0,1
"Acox1",0,-1,1,-1,1,0
"Acox2",0,-1,0,1,-1,1
"Acox3",-1,-1,1,0,0,1
"Acp1",0,1,-1,0,-1,1
"Acp2",-1,0,1,0,-1,1
"Acp4",-1,-1,-1,-1,-1,-1
"Acp5",-1,-1,1,1,0,0
"Acp6",-1,0,-1,1,0,1
"Acp7",-1,-1,-1,-1,-1,-1
"Acpp",0,1,1,-1,-1,0
"Acsbg1",-1,0,1,1,-1,0
"Acsbg2",-1,-1,-1,-1,-1,-1
"Acsf2",1,-1,0,-1,1,0
"Acsf3",1,0,-1,-1,1,0
"Acsl1",-1,-1,1,0,1,0
"Acsl3",1,1,0,-1,0,-1
"Acsl4",1,1,0,0,-1,-1
"Acsl5",1,-1,0,-1,0,1
"Acsl6",0,1,1,-1,0,-1
"Acsm1",-1,-1,-1,-1,-1,-1
"Acsm2",-1,-1,-1,-1,-1,-1
"Acsm3",1,-1,-1,0,1,0
"Acsm4",-1,-1,-1,-1,0,-1
"Acsm5",-1,-1,1,1,0,0
"Acss1",1,0,-1,-1,1,0
"Acss2",1,0,-1,0,-1,1
"Acss3",1,-1,1,0,0,-1
"Acy1",-1,1,-1,0,0,1
"Acy3",0,-1,-1,0,1,1
"Acyp1",0,0,-1,1,1,-1
"Acyp2",1,0,-1,0,1,-1
"Ada",1,1,-1,0,-1,0
"Adcy1",1,0,1,-1,-1,0
"Adcy10",1,-1,-1,0,1,0
"Adcy2",1,-1,0,-1,1,0
"Adcy3",1,-1,0,-1,1,0
"Adcy4",-1,0,0,-1,1,1
"Adcy5",-1,0,1,0,-1,1
"Adcy6",-1,-1,1,0,0,1
"Adcy7",-1,0,1,0,-1,1
"Adcy8",0,0,0,-1,-1,1
"Adcy9",0,-1,1,-1,0,1
"Adh1",-1,0,0,1,-1,1
"Adh4",1,0,-1,-1,0,0
"Adh5",-1,-1,0,1,0,1
"Adh6b",-1,-1,-1,-1,-1,1
"Adh7",-1,1,1,0,-1,0
"Adhfe1",-1,-1,1,0,1,0
"Adi1",0,0,1,-1,-1,1
"Adk",1,-1,1,-1,0,0
"Ado",0,1,-1,0,-1,1
"Adpgk",-1,0,1,0,-1,1
"Adprh",0,0,-1,1,-1,1
"Adprm",0,1,0,1,-1,-1
"Adsl",0,-1,0,-1,1,1
"Adss",0,1,1,0,-1,-1
"Adssl1",0,-1,0,-1,1,1
"Afmid",1,0,-1,1,0,-1
"Aga",-1,1,1,-1,0,0
"Agk",1,0,1,-1,0,-1
"Agl",0,-1,0,-1,1,1
"Agmat",-1,-1,-1,-1,-1,-1
"Agpat1",0,-1,-1,0,1,1
"Agpat2",1,-1,-1,1,0,0
"Agpat3",1,-1,-1,0,1,0
"Agpat4",0,1,0,-1,-1,1
"Agpat5",-1,0,-1,1,1,0
"Agps",0,1,1,0,-1,-1
"Agt",0,1,1,-1,-1,0
"Agxt",-1,-1,-1,-1,-1,-1
"Agxt2",-1,-1,0,1,-1,0
"Ahctf1",-1,0,1,0,-1,1
"Ahcyl",0,0,0,0,0,0
"Ahcyl1",1,-1,0,-1,1,0
"Ahcyl2",-1,0,1,1,-1,0
"Aicda",-1,1,0,-1,0,-1
"Ak1",1,-1,0,-1,1,0
"Ak2",-1,-1,0,1,1,0
"Ak3",1,-1,0,-1,1,0
"Ak4",1,-1,0,-1,1,0
"Ak5",0,1,0,-1,-1,1
"Ak6",-1,-1,1,1,0,0
"Ak7",-1,-1,-1,-1,-1,1
"Ak8",-1,-1,0,-1,-1,1
"Ak9",-1,1,-1,-1,-1,-1
"Akr1a1",-1,1,0,0,-1,1
"Akr1b3",-1,0,1,-1,0,1
"Akr1b8",-1,-1,1,0,0,1
"Akr1c20",-1,-1,-1,-1,-1,-1
"Akr1c6",-1,-1,0,-1,-1,-1
"Akr1d1",-1,-1,-1,-1,-1,0
"Akr7a5",0,1,-1,-1,1,0
"Alad",-1,0,-1,1,1,0
"Alas1",0,-1,-1,1,0,1
"Alas2",0,-1,-1,0,1,1
"Alb",-1,1,1,0,-1,0
"Aldh18a1",1,1,0,-1,-1,0
"Aldh1a1",0,0,1,-1,-1,1
"Aldh1a2",1,-1,0,0,-1,1
"Aldh1a3",1,1,0,-1,-1,0
"Aldh1b1",0,1,-1,-1,1,0
"Aldh1l1",-1,-1,1,0,0,1
"Aldh1l2",0,0,1,-1,1,-1
"Aldh2",-1,0,0,1,-1,1
"Aldh3a1",-1,-1,1,0,0,1
"Aldh3a2",-1,-1,1,0,0,1
"Aldh3b1",-1,1,0,-1,0,1
"Aldh3b2",1,0,0,-1,-1,1
"Aldh4a1",0,-1,-1,1,0,1
"Aldh5a1",1,-1,0,-1,0,1
"Aldh6a1",0,-1,1,-1,1,0
"Aldh7a1",-1,0,1,0,-1,1
"Aldh8a1",-1,-1,1,-1,-1,-1
"Aldh9a1",1,-1,0,-1,1,0
"Aldoa",-1,1,0,-1,0,1
"Aldob",0,-1,1,-1,0,1
"Aldoc",1,1,0,-1,-1,0
"Alg1",-1,1,-1,1,0,0
"Alg10b",0,1,1,0,-1,-1
"Alg11",-1,0,1,0,-1,1
"Alg12",-1,1,-1,0,1,0
"Alg13",-1,1,1,0,0,-1
"Alg14",1,1,-1,-1,0,0
"Alg2",-1,0,0,1,-1,1
"Alg3",0,-1,-1,1,0,1
"Alg5",-1,-1,0,1,0,1
"Alg6",-1,1,1,-1,0,0
"Alg8",-1,1,0,1,-1,0
"Alg9",-1,-1,0,1,0,1
"Alkbh8",1,0,1,0,-1,-1
"Allc",-1,-1,-1,-1,-1,-1
"Alox12",0,1,-1,0,-1,1
"Alox12b",-1,-1,-1,-1,-1,-1
"Alox15",-1,-1,0,0,0,1
"Alox5",-1,0,1,0,-1,1
"Alox8",-1,1,0,0,-1,-1
"Aloxe3",0,1,-1,-1,0,1
"Alpi",-1,-1,-1,-1,-1,-1
"Alpl",0,1,1,-1,-1,0
"Amacr",1,-1,0,-1,1,0
"Amd1",-1,1,1,0,-1,0
"Amd2",-1,-1,0,0,1,1
"Amdhd1",1,0,-1,0,-1,1
"Amdhd2",0,-1,-1,0,1,1
"Amfr",-1,-1,1,0,0,1
"Amigo3",-1,1,-1,0,1,0
"Amn",0,1,-1,-1,0,0
"Ampd1",0,-1,1,-1,0,1
"Ampd2",-1,0,-1,0,1,1
"Ampd3",1,-1,0,-1,0,1
"Amt",1,1,0,-1,0,-1
"Amy1",-1,-1,1,1,0,0
"Amy2a5",-1,-1,0,-1,-1,-1
"Anapc11",-1,0,-1,1,0,1
"Angptl4",0,1,-1,-1,0,1
"Ankrd1",1,0,1,-1,0,-1
"Anpep",0,1,0,-1,-1,1
"Anxa3",0,-1,0,1,-1,1
"Aoah",0,0,1,-1,-1,1
"Aoc1",-1,-1,-1,1,-1,0
"Aoc2",-1,0,-1,1,1,0
"Aoc3",-1,-1,1,0,0,1
"Aox1",-1,-1,1,0,0,1
"Ap1g1",0,-1,1,0,-1,1
"Apip",0,-1,-1,1,0,1
"Apoa1",0,-1,1,-1,-1,0
"Apoa2",-1,-1,1,-1,-1,-1
"Apoa5",-1,-1,-1,-1,-1,-1
"Apob",-1,-1,1,0,-1,-1
"Apobec4",-1,-1,-1,-1,-1,-1
"Apoc1",1,0,-1,-1,1,0
"Apoc2l",0,0,0,0,0,0
"Apoc3",1,0,-1,1,-1,0
"Apoe",0,1,0,-1,-1,1
"Aprt",0,1,-1,1,-1,0
"Aqp1",-1,-1,1,0,0,1
"Aqp2",0,-1,-1,1,1,0
"Aqp3",0,1,-1,0,-1,-1
"Aqp4",0,0,1,-1,1,-1
"Aqp5",-1,1,1,0,0,-1
"Aqp6",-1,1,-1,-1,0,-1
"Aqp7",-1,-1,1,0,1,0
"Aqp8",-1,-1,1,-1,-1,0
"Aqp9",1,-1,0,-1,0,1
"Arcn1",0,1,1,-1,-1,0
"Arg1",-1,1,1,-1,0,0
"Arg2",-1,0,1,0,-1,1
"Arid4b",0,0,1,1,-1,-1
"Arsa",0,-1,0,-1,1,1
"Arsb",-1,0,1,0,-1,1
"Art1",1,0,-1,-1,1,0
"Art3",-1,0,1,0,-1,1
"Art4",0,1,-1,0,-1,1
"Art5",0,0,-1,-1,1,1
"As3mt",-1,1,1,-1,0,0
"Asah1",-1,1,1,0,-1,0
"Asah2",-1,0,1,0,-1,1
"Asb12",0,1,1,-1,0,-1
"Ash1l",-1,1,1,0,-1,0
"Asl",0,1,0,-1,-1,1
"Asmt",-1,-1,-1,-1,-1,-1
"Asns",-1,0,1,0,-1,1
"Aspa",1,-1,0,0,1,-1
"Aspg",1,-1,-1,0,1,0
"Asph",-1,0,1,1,-1,0
"Asrgl1",-1,1,1,0,-1,0
"Ass1",1,1,0,-1,-1,0
"Ate1",0,0,1,-1,-1,1
"Atg9b",1,-1,-1,1,0,0
"Atic",-1,0,1,0,-1,1
"Atp10a",-1,0,1,0,-1,1
"Atp11a",0,1,1,-1,-1,0
"Atp11c",0,0,1,1,-1,-1
"Atp12a",0,1,-1,-1,-1,0
"Atp1a1",1,1,0,-1,-1,0
"Atp1a2",0,-1,1,-1,1,0
"Atp1a3",0,0,-1,1,-1,1
"Atp1a4",-1,0,1,1,-1,0
"Atp1b1",0,1,0,-1,1,-1
"Atp1b2",-1,0,1,-1,0,1
"Atp1b3",-1,-1,1,0,0,1
"Atp1b4",1,0,1,-1,0,-1
"Atp2a1",0,-1,0,-1,1,1
"Atp2a2",1,-1,1,-1,0,0
"Atp2a3",0,0,1,-1,-1,1
"Atp2b1",0,1,1,-1,-1,0
"Atp2b2",1,1,0,-1,-1,0
"Atp2b3",0,-1,1,-1,1,0
"Atp2b4",-1,-1,1,0,0,1
"Atp2c1",0,1,1,-1,-1,0
"Atp2c2",1,1,0,-1,0,-1
"Atp4a",-1,-1,-1,-1,-1,-1
"Atp4b",1,0,-1,-1,0,1
"Atp5a1",1,-1,0,-1,1,0
"Atp5b",1,-1,0,-1,1,0
"Atp5c1",1,-1,0,-1,1,0
"Atp5d",1,-1,-1,0,1,0
"Atp5e",1,-1,-1,0,1,0
"Atp5g1",0,1,-1,-1,1,0
"Atp5g3",-1,0,-1,1,1,0
"Atp5h",1,-1,-1,0,1,0
"Atp5j",0,0,-1,1,1,-1
"Atp5j2",1,-1,-1,0,1,0
"Atp5k",0,-1,-1,1,1,0
"Atp5mpl",1,0,-1,0,1,-1
"Atp5o",1,-1,0,-1,1,0
"Atp5pb",0,0,0,0,0,0
"Atp6ap1",-1,1,1,0,-1,0
"Atp6v0a1",-1,-1,1,0,0,1
"Atp6v0a2",0,0,-1,-1,1,1
"Atp6v0a4",-1,-1,0,-1,-1,-1
"Atp6v0b",0,1,-1,0,1,-1
"Atp6v0c",0,1,-1,0,1,-1
"Atp6v0d1",-1,1,0,0,-1,1
"Atp6v0d2",1,1,0,0,-1,-1
"Atp6v0e",-1,0,-1,0,1,1
"Atp6v1a",0,1,1,-1,-1,0
"Atp6v1b1",1,1,0,-1,0,-1
"Atp6v1b2",1,0,1,-1,-1,0
"Atp6v1c1",-1,-1,0,0,1,1
"Atp6v1c2",0,1,0,-1,-1,1
"Atp6v1d",0,1,1,-1,0,-1
"Atp6v1e1",1,0,-1,-1,1,0
"Atp6v1e2",-1,-1,-1,-1,-1,-1
"Atp6v1f",-1,1,-1,0,1,0
"Atp6v1g1",-1,1,-1,1,0,0
"Atp6v1g2",-1,1,0,-1,1,0
"Atp6v1g3",-1,-1,-1,-1,-1,-1
"Atp6v1h",0,0,1,-1,-1,1
"Atp8a1",1,0,1,-1,-1,0
"Atp8b1",-1,-1,1,1,0,0
"Atp8b2",-1,0,1,0,-1,1
"Atrip",0,1,-1,0,-1,1
"Auh",0,-1,0,-1,1,1
"Awat1",-1,-1,-1,-1,-1,-1
"Awat2",1,1,0,-1,-1,0
"Azin2",-1,-1,0,1,0,1
"B3galnt1",-1,0,1,0,-1,1
"B3galnt2",0,1,1,-1,-1,0
"B3galt1",0,1,1,0,-1,-1
"B3galt2",-1,0,1,1,0,-1
"B3galt4",1,1,-1,0,-1,0
"B3galt5",1,1,0,-1,0,-1
"B3galt6",0,-1,-1,1,0,1
"B3gat1",-1,-1,-1,0,1,-1
"B3gat2",0,-1,1,-1,1,0
"B3gat3",0,1,-1,0,1,-1
"B3glct",0,0,1,-1,-1,1
"B3gnt2",-1,0,1,0,-1,1
"B3gnt3",-1,1,1,0,-1,0
"B3gnt4",0,-1,1,1,-1,0
"B3gnt5",1,-1,1,0,0,-1
"B3gnt6",0,1,0,0,-1,-1
"B3gnt7",-1,0,1,0,-1,1
"B3gnt8",1,0,-1,-1,1,0
"B3gnt9",-1,0,1,0,-1,1
"B3gntl1",-1,0,0,1,-1,1
"B4galnt1",1,1,0,-1,-1,0
"B4galnt2",-1,0,-1,0,1,-1
"B4galnt3",0,1,0,-1,0,-1
"B4galnt4",-1,1,-1,0,0,1
"B4galt1",1,1,0,-1,-1,0
"B4galt2",-1,-1,0,1,0,1
"B4galt3",0,1,-1,1,-1,0
"B4galt4",-1,-1,1,1,0,0
"B4galt5",0,-1,1,0,-1,1
"B4galt6",0,1,1,-1,-1,0
"B4galt7",-1,1,-1,0,0,1
"B4gat1",-1,0,0,1,-1,1
"Baat",-1,-1,-1,-1,0,1
"Babam2",-1,-1,1,0,0,1
"Bard1",-1,0,1,1,-1,0
"Bbox1",1,1,0,0,-1,-1
"Bcap31",-1,-1,1,0,1,0
"Bcat1",0,-1,1,0,-1,1
"Bcat2",0,1,-1,-1,1,0
"Bcdin3d",-1,1,-1,0,0,1
"Bche",0,0,1,1,-1,-1
"Bckdha",1,-1,-1,0,1,0
"Bckdhb",1,-1,0,-1,1,0
"Bckdk",0,0,-1,-1,1,1
"Bco1",1,-1,-1,1,0,0
"Bco2",-1,-1,1,0,0,1
"Bdh1",1,1,-1,-1,0,0
"Bdh2",-1,1,0,-1,0,1
"Bhmt",-1,-1,0,-1,-1,-1
"Bhmt2",-1,-1,-1,-1,-1,-1
"Birc6",-1,1,1,0,-1,0
"Blvra",-1,-1,0,1,0,1
"Blvrb",-1,1,-1,0,0,1
"Bmp1",-1,0,1,0,-1,1
"Bpgm",-1,-1,1,0,1,0
"Bpnt1",1,1,0,0,-1,-1
"Bpnt2",0,0,0,0,0,0
"Brap",0,0,-1,-1,1,1
"Brpf1",-1,0,0,-1,1,1
"Bscl2",0,-1,-1,1,0,1
"Bst1",1,-1,0,0,-1,1
"Btd",-1,-1,0,1,0,1
"Bud23",0,1,-1,0,1,-1
"C1galt1",0,0,1,1,-1,-1
"C1galt1c1",0,1,1,0,-1,-1
"Cad",0,0,-1,-1,1,1
"Calm1",0,-1,1,0,-1,1
"Calm3",-1,0,1,0,-1,1
"Cant1",-1,0,0,1,-1,1
"Capn3",0,-1,1,-1,1,0
"Car1",0,-1,-1,1,0,1
"Car12",0,0,-1,1,-1,1
"Car13",0,-1,1,0,1,-1
"Car14",1,0,-1,-1,1,0
"Car2",1,1,-1,-1,0,0
"Car3",-1,-1,1,1,0,0
"Car4",-1,-1,0,1,1,0
"Car5a",-1,-1,-1,-1,-1,-1
"Car5b",-1,0,1,1,-1,0
"Car6",0,1,0,-1,-1,-1
"Car7",0,-1,0,-1,1,1
"Car8",0,1,1,-1,-1,0
"Car9",0,0,0,1,-1,-1
"Carm1",-1,0,1,-1,0,1
"Carns1",0,1,-1,0,1,-1
"Cars",-1,1,1,0,-1,0
"Cat",-1,-1,1,0,0,1
"Cbl",-1,0,1,0,-1,1
"Cblb",-1,0,1,-1,0,1
"Cblc",1,1,0,-1,-1,0
"Cblif",0,0,0,0,0,0
"Cbll1",1,0,1,0,-1,-1
"Cbr1",0,-1,-1,1,1,0
"Cbr3",-1,1,-1,0,0,1
"Cbr4",1,-1,0,-1,1,0
"Cbs",0,0,1,1,-1,-1
"Cbx1",0,1,0,1,-1,-1
"Ccn2",0,0,0,0,0,0
"Ccnb1ip1",-1,1,0,1,0,-1
"Cd36",-1,-1,1,0,0,1
"Cd38",0,-1,1,-1,0,1
"Cda",1,0,0,-1,1,-1
"Cdc34",0,-1,-1,1,1,0
"Cdipt",-1,1,-1,1,0,0
"Cdo1",-1,-1,1,1,0,0
"Cds1",1,-1,0,-1,1,0
"Cds2",-1,0,1,0,-1,1
"Cdyl",-1,0,1,1,-1,0
"Cel",1,1,0,-1,-1,0
"Celsr3",0,1,-1,0,1,-1
"Cept1",-1,0,1,1,-1,0
"Cercam",-1,0,1,0,-1,1
"Cerk",0,0,1,-1,-1,1
"Cers1",0,0,-1,-1,1,1
"Cers2",-1,-1,1,0,0,1
"Cers3",1,1,0,-1,0,-1
"Cers4",-1,0,1,1,-1,0
"Cers5",-1,-1,0,1,0,1
"Cers6",-1,0,1,0,-1,1
"Cert1",0,0,0,0,0,0
"Ces1d",0,-1,1,-1,1,0
"Ces2h",-1,-1,-1,-1,-1,-1
"Ces3b",-1,-1,-1,-1,-1,-1
"Ces5a",1,-1,-1,-1,-1,-1
"Cfap410",0,0,0,0,0,0
"Ch25h",-1,-1,0,1,0,1
"Chat",-1,-1,-1,-1,-1,-1
"Chd9",-1,1,1,0,-1,0
"Chdh",-1,1,1,-1,0,0
"Chfr",-1,1,1,0,-1,0
"Chia1",-1,1,-1,-1,-1,-1
"Chil1",-1,1,1,-1,0,0
"Chit1",-1,1,-1,-1,-1,-1
"Chka",0,1,-1,1,-1,0
"Chkb",1,0,-1,-1,1,0
"Chpf",0,1,-1,0,-1,1
"Chpf2",0,1,-1,0,-1,1
"Chpt1",0,-1,-1,1,1,0
"Chst1",-1,-1,0,1,0,1
"Chst10",0,-1,0,1,-1,1
"Chst11",-1,0,1,0,-1,1
"Chst12",-1,0,0,1,-1,1
"Chst13",-1,-1,0,1,0,0
"Chst14",-1,1,0,0,-1,1
"Chst15",0,-1,1,0,-1,1
"Chst2",0,1,-1,1,-1,0
"Chst3",-1,0,1,0,-1,1
"Chst4",-1,-1,-1,-1,-1,-1
"Chst5",-1,0,-1,1,-1,0
"Chst7",-1,0,-1,1,0,1
"Chst8",-1,-1,0,1,1,0
"Chst9",-1,-1,1,0,-1,0
"Chsy1",-1,-1,0,1,1,0
"Chsy3",-1,0,1,0,-1,1
"Cidea",1,-1,0,-1,1,0
"Cinp",-1,0,0,1,-1,1
"Ckb",0,1,-1,-1,1,0
"Ckm",0,-1,0,-1,1,1
"Ckmt1",1,1,0,-1,-1,0
"Ckmt2",1,0,0,-1,1,-1
"Clcf1",-1,0,-1,1,1,0
"Clock",0,0,1,1,-1,-1
"Clps",-1,-1,-1,-1,-1,-1
"Cltrn",-1,-1,-1,-1,-1,-1
"Clybl",1,-1,0,-1,1,0
"Cma1",-1,-1,1,0,0,1
"Cmas",1,1,0,0,-1,-1
"Cmpk1",1,-1,0,0,1,-1
"Cmpk2",1,1,0,-1,-1,0
"Cmtr1",-1,0,1,-1,0,1
"Cmtr2",-1,0,1,0,-1,1
"Cndp1",-1,0,1,1,-1,0
"Cndp2",-1,0,1,0,-1,1
"Cnot4",-1,1,1,0,-1,0
"Cnp",0,1,-1,0,-1,1
"Coasy",1,-1,-1,0,1,0
"Colgalt1",-1,0,1,0,-1,1
"Colgalt2",-1,1,0,-1,1,0
"Comt",1,1,-1,0,-1,0
"Comtd1",0,-1,-1,1,1,0
"Cop1",-1,0,1,0,1,-1
"Copa",0,1,1,-1,-1,0
"Copb1",0,1,1,-1,-1,0
"Copb2",0,1,1,-1,-1,0
"Cope",0,1,-1,0,-1,1
"Copg1",-1,1,0,0,-1,1
"Copg2",0,1,1,-1,-1,0
"Coq2",0,0,-1,-1,1,1
"Coq3",1,-1,0,-1,1,0
"Coq5",1,-1,0,-1,1,0
"Coq6",1,-1,0,-1,1,0
"Coq7",1,-1,-1,0,1,0
"Cox10",1,0,-1,-1,1,0
"Cox4i1",1,-1,-1,0,1,0
"Cox4i2",-1,0,-1,1,0,1
"Cox5a",1,-1,-1,0,1,0
"Cox5b",1,-1,-1,0,1,0
"Cox6a1",1,-1,-1,0,1,0
"Cox6a2",1,0,-1,-1,1,0
"Cox6b1",1,-1,-1,0,1,0
"Cox6b2",-1,-1,0,1,1,0
"Cox6c",1,-1,-1,0,1,0
"Cox7a1",1,0,-1,-1,1,0
"Cox7a2",1,-1,-1,0,1,0
"Cox7b",1,-1,-1,0,1,0
"Cox7b2",-1,-1,-1,-1,-1,-1
"Cox7c",1,-1,-1,0,1,0
"Cox8a",1,-1,-1,0,1,0
"Cox8c",-1,-1,-1,-1,-1,-1
"Cp",1,1,0,-1,-1,0
"Cpa1",-1,-1,0,-1,-1,-1
"Cpa2",-1,0,-1,1,-1,-1
"Cpa3",0,-1,1,-1,0,1
"Cpa5",-1,-1,-1,-1,-1,-1
"Cpa6",-1,0,1,-1,-1,-1
"Cpne7",0,1,-1,0,-1,1
"Cpox",0,1,1,-1,-1,0
"Cps1",-1,-1,0,-1,-1,-1
"Cpt1a",-1,0,1,-1,0,1
"Cpt1b",1,-1,0,-1,1,0
"Cpt1c",-1,1,0,1,-1,0
"Cpt2",1,-1,0,-1,1,0
"Crat",1,-1,0,-1,1,0
"Crcp",-1,-1,1,1,0,0
"Crebbp",-1,1,1,0,-1,0
"Crisp1",-1,-1,-1,0,-1,-1
"Crls1",1,-1,-1,0,1,0
"Crot",0,-1,1,-1,0,1
"Cryl1",1,1,-1,0,-1,0
"Cryz",0,-1,-1,1,0,1
"Cs",1,-1,0,-1,1,0
"Csad",0,-1,-1,0,1,1
"Csgalnact1",-1,0,1,0,-1,1
"Csgalnact2",0,1,1,0,-1,-1
"Csnk1g2",-1,1,-1,0,0,1
"Ctbp1",-1,0,-1,1,0,1
"Ctdspl2",-1,1,1,0,-1,0
"Cth",-1,-1,1,0,0,1
"Ctps",0,-1,1,1,-1,0
"Ctps2",-1,0,1,0,-1,1
"Ctsa",0,1,0,-1,-1,1
"Ctsb",-1,-1,1,0,0,1
"Ctsc",-1,0,1,0,-1,1
"Ctsd",0,-1,-1,1,0,1
"Ctse",1,1,0,-1,-1,0
"Ctsf",-1,1,0,-1,1,0
"Ctsg",-1,-1,1,-1,-1,-1
"Ctsh",-1,1,0,0,-1,1
"Ctsk",0,-1,1,0,-1,1
"Ctsl",-1,1,1,0,-1,0
"Ctso",-1,0,1,1,-1,0
"Ctss",0,1,0,-1,-1,1
"Ctsw",0,1,0,-1,-1,1
"Ctsz",1,0,-1,-1,1,0
"Cubn",1,0,1,-1,-1,0
"Cwc27",0,1,1,0,-1,-1
"Cyb5d1",0,-1,1,1,-1,0
"Cyb5r1",0,0,-1,-1,1,1
"Cyb5r2",1,0,1,-1,-1,0
"Cyb5r3",0,-1,0,1,-1,1
"Cyb5r4",0,1,1,-1,0,-1
"Cyb5rl",-1,0,0,-1,1,1
"Cybrd1",-1,1,0,0,-1,1
"Cyc1",1,-1,-1,0,1,0
"Cyld",-1,1,1,0,-1,0
"Cyp11a1",-1,-1,1,0,0,1
"Cyp11b1",-1,-1,-1,-1,-1,-1
"Cyp11b2",-1,-1,-1,-1,-1,-1
"Cyp17a1",-1,0,-1,-1,-1,1
"Cyp19a1",-1,-1,-1,-1,-1,-1
"Cyp1a1",0,-1,0,1,1,-1
"Cyp1a2",-1,-1,0,-1,-1,-1
"Cyp1b1",0,1,1,-1,-1,0
"Cyp21a1",1,0,-1,0,-1,-1
"Cyp24a1",0,1,0,-1,-1,0
"Cyp26a1",-1,-1,-1,0,1,0
"Cyp26b1",0,-1,1,-1,0,1
"Cyp27a1",-1,-1,0,1,0,1
"Cyp27b1",1,-1,0,-1,-1,-1
"Cyp2a4",-1,-1,-1,-1,-1,-1
"Cyp2b13",-1,-1,-1,-1,-1,-1
"Cyp2b19",-1,0,-1,-1,-1,-1
"Cyp2b9",-1,-1,-1,0,-1,-1
"Cyp2c29",-1,-1,0,-1,-1,-1
"Cyp2c38",-1,-1,-1,-1,-1,-1
"Cyp2c39",-1,-1,-1,-1,-1,-1
"Cyp2c55",-1,-1,-1,-1,-1,-1
"Cyp2c65",-1,-1,-1,-1,-1,-1
"Cyp2c66",-1,-1,-1,-1,-1,-1
"Cyp2d22",0,1,-1,-1,1,0
"Cyp2e1",-1,-1,1,0,0,1
"Cyp2f2",1,1,0,0,-1,-1
"Cyp2j6",-1,-1,1,0,1,0
"Cyp2j9",-1,1,1,0,-1,0
"Cyp2r1",-1,0,0,1,-1,1
"Cyp2s1",0,-1,1,-1,0,1
"Cyp2u1",0,-1,-1,0,1,1
"Cyp39a1",0,1,1,-1,-1,0
"Cyp3a13",-1,-1,1,-1,0,-1
"Cyp3a25",-1,-1,0,-1,-1,-1
"Cyp3a57",-1,0,1,1,-1,0
"Cyp3a59",-1,-1,-1,-1,-1,-1
"Cyp46a1",0,1,-1,0,1,-1
"Cyp4a10",-1,-1,0,-1,1,-1
"Cyp4a12a",-1,1,-1,-1,-1,-1
"Cyp4a12b",-1,-1,-1,-1,-1,-1
"Cyp4a31",-1,-1,-1,-1,-1,-1
"Cyp4b1",-1,-1,0,0,1,1
"Cyp4f14",-1,0,1,0,-1,1
"Cyp4f18",0,1,-1,0,-1,1
"Cyp4f39",0,-1,1,0,-1,1
"Cyp4v3",-1,-1,1,0,0,1
"Cyp4x1",-1,-1,-1,-1,0,-1
"Cyp51",1,0,-1,1,-1,0
"Cyp7a1",-1,-1,0,-1,-1,-1
"Cyp7b1",-1,1,1,0,-1,0
"Cyp8b1",1,0,1,-1,-1,0
"D130043K22Rik",-1,0,-1,-1,-1,-1
"Dad1",0,1,-1,0,-1,1
"Dagla",0,-1,-1,0,1,1
"Daglb",1,0,0,-1,-1,1
"Dao",-1,-1,-1,-1,-1,-1
"Dars",0,1,1,-1,-1,0
"Dbh",-1,-1,-1,-1,-1,-1
"Dbi",0,-1,-1,1,1,0
"Dbp",-1,-1,0,1,1,0
"Dbt",1,-1,0,0,1,-1
"Dck",-1,0,1,1,-1,0
"Dct",-1,-1,1,1,0,0
"Dctd",-1,1,0,1,-1,0
"Dctpp1",0,-1,-1,0,1,1
"Dcxr",1,1,-1,0,-1,0
"Ddah1",0,-1,1,-1,0,1
"Ddah2",-1,1,0,0,-1,1
"Ddc",1,-1,0,0,-1,1
"Ddo",1,0,-1,-1,1,0
"Ddost",-1,1,0,0,-1,1
"Ddx19b",-1,0,1,0,-1,1
"Decr1",1,-1,0,-1,1,0
"Decr2",1,0,-1,-1,1,0
"Degs1",-1,-1,1,0,0,1
"Degs2",-1,0,-1,0,1,1
"Dera",1,1,-1,0,-1,0
"Dgat1",-1,-1,0,1,1,0
"Dgat2",0,-1,-1,1,1,0
"Dgat2l6",-1,-1,-1,1,-1,-1
"Dgka",-1,1,1,0,-1,0
"Dgkb",0,-1,0,-1,-1,1
"Dgkd",0,-1,1,-1,1,0
"Dgke",-1,1,1,-1,0,0
"Dgkg",0,0,0,-1,-1,1
"Dgkh",1,-1,1,-1,0,0
"Dgki",-1,-1,1,1,0,0
"Dgkk",-1,-1,1,0,-1,0
"Dgkq",0,1,0,-1,-1,1
"Dgkz",0,1,-1,-1,0,1
"Dguok",-1,-1,0,1,0,1
"Dhcr24",1,-1,0,0,-1,1
"Dhcr7",1,1,-1,0,-1,0
"Dhdds",0,1,0,-1,-1,1
"Dhdh",-1,-1,1,0,1,0
"Dhfr",-1,1,0,1,-1,0
"Dhodh",-1,0,-1,0,1,1
"Dhps",-1,0,-1,0,1,1
"Dhrs2",1,-1,-1,0,-1,-1
"Dhrs3",0,1,0,-1,-1,1
"Dhrs4",1,-1,0,-1,1,0
"Dhrs9",0,-1,0,-1,1,1
"Dhtkd1",-1,-1,1,1,0,0
"Dio1",-1,-1,-1,-1,-1,-1
"Dio2",0,-1,0,1,1,-1
"Dio3",0,-1,-1,0,-1,1
"Dlat",1,-1,0,-1,1,0
"Dld",1,-1,0,-1,1,0
"Dlst",1,-1,0,-1,1,0
"Dlx4",-1,1,0,0,-1,1
"Dmgdh",-1,-1,0,-1,-1,-1
"Dnm1",-1,0,1,0,-1,1
"Dnm1l",1,0,1,0,-1,-1
"Dnm2",-1,0,1,0,-1,1
"Dnm3",-1,1,0,-1,0,1
"Dnmt1",0,1,1,-1,-1,0
"Dnmt3a",0,1,1,-1,-1,0
"Dnmt3b",0,1,0,1,-1,-1
"Dnmt3l",0,1,-1,0,-1,1
"Dolk",-1,-1,0,0,1,1
"Dolpp1",-1,0,0,1,-1,1
"Dot1l",-1,0,0,-1,1,1
"Dpagt1",-1,1,0,0,-1,1
"Dpep1",-1,1,0,0,-1,1
"Dpep2",1,0,-1,0,-1,-1
"Dpep3",-1,-1,-1,1,0,-1
"Dph5",-1,0,0,1,-1,1
"Dpm1",0,0,1,1,-1,-1
"Dpm2",-1,0,-1,1,0,1
"Dpm3",-1,1,-1,1,0,0
"Dpyd",0,-1,-1,0,1,1
"Dpys",-1,1,-1,-1,-1,-1
"Dpysl2",-1,0,1,1,-1,0
"Dpysl3",-1,0,1,0,-1,1
"Dse",-1,0,1,0,-1,1
"Dtymk",-1,1,-1,1,0,0
"Duox1",1,1,0,-1,-1,0
"Duox2",1,0,0,-1,-1,1
"Dusp11",-1,1,1,0,0,-1
"Dusp9",-1,0,1,0,-1,1
"Dut",-1,1,-1,1,0,0
"Dzip3",-1,1,1,0,-1,0
"Ebp",0,1,-1,0,-1,1
"Ece2",0,-1,1,-1,0,0
"Ech1",1,-1,0,-1,1,0
"Echdc2",-1,1,-1,1,0,0
"Echs1",1,-1,-1,0,1,0
"Eci1",1,-1,0,-1,1,0
"Eci2",0,-1,0,-1,1,1
"Eef1a1",-1,1,1,0,-1,0
"Eef1a2",0,-1,0,-1,1,1
"Eef1akmt1",1,0,-1,-1,1,0
"Eef1akmt2",0,-1,1,1,0,-1
"Eef1akmt3",1,1,0,0,-1,-1
"Eef2",0,1,0,-1,-1,1
"Efl1",0,1,1,-1,-1,0
"Egfl8",0,-1,-1,0,1,1
"Egfr",-1,0,1,0,-1,1
"Ehhadh",0,0,1,-1,1,-1
"Ehmt1",-1,1,1,0,-1,0
"Ehmt2",-1,1,-1,0,0,1
"Eif4ebp3",-1,0,0,1,-1,1
"Elovl1",0,1,1,-1,-1,0
"Elovl2",1,-1,0,-1,0,-1
"Elovl3",1,0,-1,-1,1,0
"Elovl4",-1,1,1,0,0,-1
"Elovl5",1,-1,1,0,-1,0
"Elovl6",1,-1,-1,1,0,0
"Elovl7",1,1,0,-1,-1,0
"Elp3",-1,0,1,-1,0,1
"Emg1",-1,1,-1,0,0,1
"Engase",-1,0,-1,0,1,1
"Eno1b",0,-1,-1,0,1,1
"Eno2",-1,1,1,0,-1,0
"Eno3",-1,0,0,-1,1,1
"Enoph1",-1,-1,0,1,0,1
"Enpp1",0,1,1,-1,-1,0
"Enpp2",-1,-1,1,0,0,1
"Enpp3",1,1,0,-1,-1,0
"Enpp6",-1,0,0,1,-1,1
"Enpp7",-1,-1,-1,-1,-1,-1
"Entpd1",0,0,1,-1,-1,1
"Entpd2",0,1,-1,0,-1,1
"Entpd3",-1,1,1,0,0,-1
"Entpd4b",1,0,-1,-1,1,0
"Entpd5",0,-1,1,-1,1,0
"Entpd6",-1,1,0,1,-1,0
"Entpd8",0,-1,-1,-1,-1,-1
"Ep300",0,0,1,-1,-1,1
"Ephx1",-1,0,1,-1,0,1
"Ephx2",0,-1,1,-1,1,0
"Eprs",0,0,1,-1,-1,1
"Epx",-1,-1,-1,-1,-1,-1
"Esco1",1,1,0,0,-1,-1
"Esco2",1,0,1,-1,-1,0
"Esd",-1,1,1,0,-1,0
"Etfa",1,-1,0,-1,1,0
"Etfb",1,-1,-1,0,1,0
"Etfbkmt",1,-1,0,-1,1,0
"Etfdh",1,-1,0,-1,1,0
"Etnk1",0,0,1,1,-1,-1
"Etnk2",0,1,-1,1,-1,0
"Etnppl",-1,-1,-1,-1,1,-1
"Ext1",0,1,1,-1,-1,0
"Ext2",0,0,1,-1,-1,1
"Extl1",1,1,0,-1,-1,0
"Extl2",-1,0,1,0,-1,1
"Extl3",-1,0,1,0,-1,1
"Ezh1",-1,0,1,-1,0,1
"Ezh2",-1,1,1,0,-1,0
"F13a1",0,-1,1,0,-1,1
"F13b",-1,-1,-1,-1,-1,-1
"F2",-1,-1,0,-1,1,-1
"Faah",-1,1,1,0,-1,0
"Fabp1",-1,-1,0,-1,-1,-1
"Fabp12",-1,-1,0,-1,-1,1
"Fabp2",-1,-1,0,-1,-1,-1
"Fabp3",1,0,-1,-1,1,0
"Fabp4",-1,-1,0,1,1,0
"Fabp5",0,0,-1,1,1,-1
"Fabp6",-1,-1,-1,-1,-1,-1
"Fabp7",-1,0,-1,-1,-1,-1
"Fabp9",-1,-1,-1,-1,-1,-1
"Fads1",0,1,1,0,-1,-1
"Fads2",1,1,0,-1,-1,0
"Fads3",-1,-1,1,1,0,0
"Fads6",0,1,1,-1,0,-1
"Fah",0,-1,0,-1,1,1
"Fam20b",0,-1,1,0,-1,1
"Fam227b",-1,-1,-1,-1,-1,-1
"Fancl",-1,1,0,1,-1,0
"Far1",1,1,0,0,-1,-1
"Far2",-1,0,1,1,-1,0
"Farsa",-1,1,-1,0,0,1
"Farsb",-1,0,1,-1,0,1
"Fas",-1,1,1,0,-1,0
"Fasn",1,-1,-1,0,0,1
"Fbl",-1,0,0,1,-1,1
"Fbll1",-1,-1,-1,1,-1,-1
"Fbp1",-1,0,-1,0,1,0
"Fbp2",1,0,-1,-1,1,0
"Fcsk",0,0,0,0,0,0
"Fdft1",1,-1,-1,0,1,0
"Fdps",1,0,-1,0,-1,1
"Fdxr",1,-1,-1,0,0,1
"Fech",0,-1,1,-1,0,1
"Fga",-1,-1,0,-1,-1,-1
"Fggy",-1,-1,1,0,0,1
"Fh1",1,-1,0,-1,1,0
"Fhit",-1,0,1,1,-1,0
"Fhl2",-1,0,0,1,-1,1
"Fig4",0,0,1,-1,-1,1
"Fitm1",1,0,-1,-1,1,0
"Fitm2",-1,-1,1,0,1,0
"Fkbp10",-1,0,0,1,-1,1
"Fkbp11",1,1,-1,0,-1,0
"Fkbp14",-1,0,1,0,-1,1
"Fkbp1a",-1,0,1,1,-1,0
"Fkbp1b",-1,1,-1,0,0,1
"Fkbp2",0,1,-1,1,0,-1
"Fkbp3",1,0,1,-1,0,-1
"Fkbp4",1,1,-1,-1,0,0
"Fkbp5",-1,0,0,1,-1,1
"Fkbp6",-1,-1,-1,-1,-1,-1
"Fkbp7",-1,-1,1,1,0,0
"Fkbp8",-1,1,-1,0,0,1
"Fkbp9",-1,0,1,0,-1,1
"Flad1",0,0,-1,-1,1,1
"Fmo1",0,-1,1,-1,0,1
"Fmo2",-1,0,1,0,-1,1
"Fmo3",-1,-1,1,-1,-1,0
"Fmo4",-1,-1,1,0,0,1
"Fmo5",-1,0,1,0,-1,1
"Fn3k",1,0,-1,-1,1,0
"Fn3krp",0,-1,0,-1,1,1
"Fnta",0,-1,0,-1,1,1
"Fntb",0,1,-1,1,-1,0
"Folr1",1,1,0,-1,-1,0
"Folr2",0,-1,1,0,-1,1
"Fosl1",-1,0,1,0,1,-1
"Fpgs",-1,1,0,0,-1,1
"Fpgt",0,1,1,0,-1,-1
"Ftcd",-1,-1,-1,-1,-1,1
"Fth1",0,0,-1,-1,1,1
"Ftmt",-1,-1,-1,-1,-1,-1
"Ftsj1",1,1,-1,0,-1,0
"Ftsj3",-1,0,1,0,-1,1
"Fuca1",-1,-1,0,0,1,1
"Fuca2",-1,1,1,0,-1,0
"Fut1",0,1,-1,0,-1,0
"Fut10",0,1,1,-1,-1,0
"Fut11",-1,0,1,0,-1,1
"Fut2",-1,-1,0,0,1,0
"Fut4",1,1,0,-1,-1,0
"Fut7",0,-1,1,1,-1,0
"Fut8",0,1,1,-1,0,-1
"Fut9",0,1,1,0,-1,-1
"Fxn",1,0,-1,-1,1,0
"Fxyd2",-1,1,1,-1,0,0
"G0s2",0,-1,-1,1,1,0
"G6pc",-1,-1,-1,0,-1,-1
"G6pc2",-1,-1,-1,-1,-1,-1
"G6pc3",0,-1,-1,0,1,1
"G6pdx",0,-1,0,1,-1,1
"Gaa",-1,1,0,-1,0,1
"Gad1",-1,-1,-1,-1,1,0
"Gad2",-1,-1,-1,-1,-1,-1
"Gal3st1",0,-1,1,1,-1,0
"Gal3st2",1,0,-1,-1,-1,-1
"Gal3st2c",-1,-1,-1,-1,-1,0
"Gal3st3",-1,-1,1,-1,-1,-1
"Gal3st4",-1,-1,-1,-1,1,-1
"Galc",1,0,1,-1,-1,0
"Gale",0,1,-1,1,0,-1
"Galk1",-1,1,-1,0,0,1
"Galk2",1,0,0,-1,-1,1
"Galm",-1,-1,1,0,1,0
"Galns",-1,1,1,0,-1,0
"Galnt1",1,-1,1,0,-1,0
"Galnt10",0,1,0,-1,-1,1
"Galnt11",-1,0,1,0,-1,1
"Galnt12",0,1,0,-1,-1,1
"Galnt13",-1,-1,1,-1,-1,-1
"Galnt14",0,-1,-1,-1,-1,-1
"Galnt15",-1,0,1,0,-1,1
"Galnt16",0,-1,1,0,-1,1
"Galnt17",-1,-1,0,0,1,1
"Galnt18",-1,1,0,0,-1,1
"Galnt2",-1,0,0,-1,1,1
"Galnt3",1,1,0,0,-1,-1
"Galnt4",-1,1,1,0,-1,0
"Galnt5",-1,-1,0,1,0,1
"Galnt6",0,1,0,-1,-1,1
"Galnt7",1,1,0,-1,-1,0
"Galnt9",-1,0,1,1,-1,0
"Galntl5",-1,-1,-1,-1,-1,-1
"Galntl6",0,-1,-1,-1,-1,-1
"Galt",0,1,-1,-1,1,0
"Gamt",-1,0,-1,1,0,1
"Ganab",-1,1,1,0,-1,0
"Ganc",0,-1,1,-1,0,1
"Gapdh-ps15",0,0,0,0,0,0
"Gapdhs",-1,1,0,-1,0,1
"Gars",0,-1,0,-1,1,1
"Gart",-1,0,1,0,-1,1
"Gatm",0,0,1,-1,-1,1
"Gba",0,0,1,-1,-1,1
"Gba2",-1,1,-1,1,0,0
"Gbe1",1,-1,0,-1,1,0
"Gbgt1",0,1,1,-1,-1,0
"Gc",-1,-1,0,-1,-1,-1
"Gcat",-1,-1,-1,-1,-1,-1
"Gcdh",1,-1,0,-1,1,0
"Gch1",0,1,0,-1,1,-1
"Gck",1,1,-1,0,-1,0
"Gclc",0,1,1,-1,-1,0
"Gclm",-1,-1,1,1,0,0
"Gcnt1",-1,1,0,0,-1,1
"Gcnt2",-1,0,1,0,-1,1
"Gcnt3",-1,-1,-1,1,-1,-1
"Gcnt4",-1,-1,1,0,0,1
"Gcnt7",-1,-1,-1,-1,-1,-1
"Gcsh",0,-1,0,-1,1,1
"Gda",0,-1,1,1,-1,0
"Gde1",1,0,-1,-1,1,0
"Gdpd2",1,1,-1,0,-1,0
"Gfm1",1,-1,0,-1,1,0
"Gfm2",1,-1,0,-1,1,0
"Gfpt1",-1,1,1,0,-1,0
"Gfpt2",0,0,1,-1,-1,1
"Gfus",0,0,0,0,0,0
"Ggact",1,1,-1,0,-1,0
"Ggct",-1,0,0,1,-1,1
"Ggh",-1,1,1,0,-1,0
"Ggps1",0,0,1,1,-1,-1
"Ggt1",-1,1,0,1,-1,0
"Ggt5",-1,1,0,0,-1,1
"Ggt6",-1,1,-1,0,0,1
"Ggt7",-1,1,-1,1,0,0
"Ggta1",-1,1,1,-1,0,0
"Gk",1,0,-1,-1,1,0
"Gk2",-1,-1,-1,-1,-1,-1
"Gk5",0,1,1,-1,-1,0
"Gla",1,0,1,-1,-1,0
"Glb1",-1,1,1,0,-1,0
"Glb1l",-1,-1,1,1,0,0
"Glce",0,0,1,-1,-1,1
"Gldc",1,1,0,-1,-1,0
"Gle1",-1,1,1,0,-1,0
"Glipr1",1,1,0,-1,-1,0
"Glo1",1,0,-1,0,-1,1
"Glod4",0,-1,1,0,-1,1
"Glrx",1,0,-1,-1,1,0
"Glrx2",-1,0,-1,1,1,0
"Gls",0,1,1,0,-1,-1
"Gls2",0,1,0,-1,-1,1
"Glt6d1",-1,-1,-1,-1,-1,-1
"Glt8d1",-1,0,1,1,-1,0
"Glt8d2",-1,-1,1,0,0,1
"Gltp",-1,1,0,0,-1,1
"Glud1",-1,-1,1,0,0,1
"Glul",-1,-1,1,0,0,1
"Glyat",-1,-1,-1,-1,-1,-1
"Glyatl3",-1,0,1,-1,-1,0
"Glyctk",1,-1,-1,0,1,0
"Gm10175",0,0,0,0,0,0
"Gm10221",0,0,0,0,0,0
"Gm10705",0,0,0,0,0,0
"Gm14539",0,0,0,0,0,0
"Gm14567",0,0,0,0,0,0
"Gm16867",-1,0,1,-1,1,0
"Gm21451",0,0,0,0,0,0
"Gm2a",1,1,-1,0,-1,0
"Gm9745",-1,-1,-1,-1,-1,-1
"Gmds",1,1,-1,0,-1,0
"Gmppa",0,1,0,-1,-1,1
"Gmppb",0,1,-1,1,-1,0
"Gmpr",1,0,-1,-1,1,0
"Gmpr2",-1,0,1,0,-1,1
"Gmps",1,-1,0,-1,1,0
"Gne",0,1,0,-1,-1,1
"Gnmt",1,0,-1,0,1,-1
"Gnpat",0,-1,0,-1,1,1
"Gnpda1",-1,-1,1,0,0,1
"Gnpda2",0,1,1,0,-1,-1
"Gnpnat1",-1,0,0,1,-1,1
"Gnptab",0,-1,1,0,-1,1
"Gns",-1,0,1,-1,0,1
"Got1",1,-1,0,-1,1,0
"Got1l1",1,-1,-1,1,0,0
"Got2",0,-1,1,-1,1,0
"Gpaa1",-1,0,-1,0,1,1
"Gpam",-1,-1,1,0,0,1
"Gpat2",-1,-1,0,1,0,-1
"Gpat3",-1,-1,1,0,1,0
"Gpat4",0,-1,0,-1,1,1
"Gpcpd1",1,-1,1,-1,0,0
"Gpd1",1,-1,-1,0,1,0
"Gpd1l",0,-1,1,-1,0,1
"Gpd2",1,-1,0,-1,1,0
"Gphn",0,1,1,0,-1,-1
"Gpi1",0,-1,-1,0,1,1
"Gpihbp1",-1,-1,0,1,1,0
"Gpld1",-1,1,1,0,-1,0
"Gpt",-1,0,-1,0,1,1
"Gpt2",-1,0,1,1,-1,0
"Gpx1",-1,1,0,0,-1,1
"Gpx2",-1,-1,-1,-1,-1,-1
"Gpx3",-1,-1,0,1,0,1
"Gpx4",0,-1,-1,0,1,1
"Gpx5",-1,0,-1,1,-1,-1
"Gpx6",-1,-1,-1,0,-1,-1
"Gpx7",-1,-1,0,1,0,1
"Gpx8",-1,0,1,1,-1,0
"Grhl1",0,1,1,-1,-1,0
"Grhpr",0,-1,-1,0,1,1
"Grk1",0,-1,1,-1,-1,-1
"Grk2",0,1,-1,-1,0,1
"Grk3",1,0,0,-1,1,-1
"Gsr",-1,0,1,1,-1,0
"Gss",-1,0,0,-1,1,1
"Gsta1",-1,-1,-1,1,-1,0
"Gsta2",-1,-1,-1,1,-1,-1
"Gstk1",-1,-1,0,0,1,1
"Gstm2",-1,0,1,0,-1,1
"Gstm4",0,-1,-1,0,1,1
"Gstm5",-1,0,-1,1,0,1
"Gstm7",1,0,0,-1,1,-1
"Gsto1",-1,-1,0,0,1,1
"Gsto2",0,-1,-1,1,1,0
"Gstp1",-1,0,-1,1,0,1
"Gstp2",-1,0,-1,1,0,1
"Gstt2",-1,1,-1,1,0,0
"Gstz1",-1,-1,1,0,1,0
"Gtf3c4",0,0,1,-1,-1,1
"Gucy1a1",-1,0,1,0,-1,1
"Gucy1a2",0,-1,1,-1,1,0
"Gucy1b1",-1,0,1,0,-1,1
"Gucy2c",0,-1,-1,-1,-1,-1
"Gucy2e",-1,0,1,1,-1,0
"Gucy2f",-1,-1,-1,-1,0,-1
"Guk1",0,-1,-1,0,1,1
"Gulo",1,0,-1,-1,1,0
"Gusb",-1,0,1,0,-1,1
"Gyg",0,-1,1,-1,1,0
"Gys1",0,-1,0,-1,1,1
"Gys2",-1,-1,1,0,1,0
"H2-Ke6",1,-1,-1,0,1,0
"H6pd",-1,-1,1,0,0,1
"Haao",0,-1,0,1,-1,1
"Hacd1",-1,0,1,1,-1,0
"Hacd2",-1,-1,0,1,1,0
"Hacd3",-1,1,1,0,-1,0
"Hacd4",0,-1,1,0,-1,1
"Hace1",-1,1,1,0,-1,0
"Hacl1",-1,-1,1,0,0,1
"Hadh",1,-1,0,-1,1,0
"Hadha",1,-1,0,-1,1,0
"Hadhb",1,-1,0,-1,1,0
"Hagh",1,-1,-1,0,1,0
"Haghl",-1,1,-1,0,0,1
"Hal",0,-1,1,0,-1,1
"Hao1",-1,-1,-1,-1,-1,0
"Hao2",-1,-1,-1,-1,-1,-1
"Hars",-1,1,0,-1,0,1
"Has1",1,-1,1,0,-1,0
"Has2",0,-1,1,0,-1,1
"Has3",-1,-1,1,0,0,1
"Hat1",-1,0,1,0,-1,1
"Hccs",1,-1,0,0,1,-1
"Hcn3",1,0,0,-1,-1,0
"Hcst",0,1,-1,1,-1,0
"Hdac3",0,1,-1,-1,1,0
"Hdc",1,-1,1,-1,0,0
"Hdlbp",0,1,1,-1,-1,0
"Hectd1",0,1,1,-1,-1,0
"Hectd2",0,0,1,1,-1,-1
"Hectd3",-1,0,1,-1,0,1
"Hecw1",-1,-1,-1,-1,0,-1
"Hecw2",0,-1,1,1,-1,0
"Helz2",-1,0,1,-1,0,1
"Hemk1",1,-1,-1,0,1,0
"Heph",-1,0,1,1,-1,0
"Herc1",-1,1,1,0,-1,0
"Herc2",-1,0,1,0,-1,1
"Herc3",0,-1,0,-1,1,1
"Herc4",-1,1,1,0,-1,0
"Hexa",-1,0,1,0,-1,1
"Hexb",0,1,1,-1,-1,0
"Hexdc",1,1,-1,-1,0,0
"Hgd",-1,-1,0,-1,-1,-1
"Hgsnat",-1,0,1,0,-1,1
"Hhat",-1,1,-1,0,0,1
"Hibadh",1,-1,0,-1,1,0
"Hibch",1,-1,0,0,1,-1
"Hif1a",0,-1,1,1,-1,0
"Hif1an",-1,0,1,-1,0,1
"Higd2a",0,-1,-1,0,1,1
"Hirip3",-1,0,1,0,-1,1
"Hk1",1,1,0,-1,-1,0
"Hk2",-1,-1,0,1,1,0
"Hk3",-1,1,0,0,-1,1
"Hkdc1",-1,0,-1,-1,1,-1
"Hlcs",-1,0,1,0,-1,1
"Hltf",0,1,1,0,-1,-1
"Hmbs",0,-1,-1,0,1,1
"Hmgcl",1,0,-1,-1,1,0
"Hmgcll1",-1,1,0,1,-1,0
"Hmgcr",-1,-1,1,0,0,1
"Hmgcs1",-1,-1,1,1,0,0
"Hmgcs2",-1,0,1,0,-1,1
"Hmox1",-1,0,1,0,-1,1
"Hmox2",1,-1,1,-1,0,0
"Hnmt",0,-1,1,1,0,-1
"Hoga1",-1,1,-1,0,1,0
"Hpd",0,1,0,-1,1,-1
"Hpgd",-1,1,1,0,-1,0
"Hpgds",0,1,1,0,-1,-1
"Hprt",-1,0,1,1,-1,0
"Hps3",-1,0,1,0,-1,1
"Hpse",0,0,1,-1,-1,1
"Hpse2",-1,1,-1,-1,-1,-1
"Hs2st1",-1,1,1,0,-1,0
"Hs3st1",0,0,1,-1,-1,1
"Hs3st2",-1,-1,-1,-1,-1,-1
"Hs3st3a1",-1,1,1,0,-1,0
"Hs3st3b1",1,1,0,-1,-1,0
"Hs3st4",-1,-1,-1,-1,-1,-1
"Hs3st5",1,0,1,-1,0,-1
"Hs3st6",-1,0,0,1,-1,1
"Hs6st1",1,1,0,-1,-1,0
"Hs6st2",-1,0,1,1,0,-1
"Hs6st3",-1,1,-1,-1,-1,-1
"Hsd11b1",-1,-1,0,1,0,1
"Hsd11b2",-1,-1,0,1,1,0
"Hsd17b1",1,-1,0,0,-1,1
"Hsd17b10",-1,-1,0,0,1,1
"Hsd17b11",-1,1,1,0,-1,0
"Hsd17b12",1,-1,0,-1,1,0
"Hsd17b14",1,-1,0,-1,1,0
"Hsd17b2",1,0,-1,-1,-1,-1
"Hsd17b3",-1,-1,-1,-1,-1,-1
"Hsd17b4",0,-1,0,-1,1,1
"Hsd17b6",-1,-1,-1,-1,-1,-1
"Hsd17b7",0,-1,1,1,-1,0
"Hsd3b1",-1,-1,0,-1,-1,-1
"Hsd3b6",-1,-1,-1,-1,-1,0
"Hsd3b7",-1,0,-1,1,0,1
"Hspg2",-1,-1,1,0,0,1
"Htatip2",0,1,-1,0,-1,1
"Huwe1",0,0,1,-1,-1,1
"Hyal1",1,-1,1,-1,0,0
"Hyal2",-1,-1,0,1,0,1
"Hyal3",0,1,-1,-1,0,1
"Hyal4",-1,-1,-1,-1,-1,-1
"Hyal5",-1,-1,-1,-1,-1,-1
"Hyi",-1,1,-1,1,0,0
"Hykk",-1,1,1,0,-1,0
"Iars",0,1,1,-1,-1,0
"Icmt",0,-1,1,0,-1,1
"Idh1",0,-1,1,1,-1,0
"Idh2",1,-1,0,-1,1,0
"Idh3a",1,-1,0,-1,1,0
"Idh3b",1,-1,0,-1,1,0
"Idh3g",1,-1,0,-1,1,0
"Idi1",1,0,0,1,-1,-1
"Ido1",-1,-1,1,1,0,0
"Ido2",-1,-1,1,-1,-1,-1
"Ids",-1,1,1,0,-1,0
"Idua",-1,0,1,-1,0,1
"Il18bp",0,1,1,-1,-1,0
"Il4i1b",0,0,0,0,0,0
"Impa1",-1,0,1,1,0,-1
"Impa2",1,0,-1,-1,1,0
"Impdh1",1,0,-1,-1,1,0
"Impdh2",-1,1,0,0,-1,1
"Inmt",-1,1,0,-1,0,1
"Inpp1",1,0,1,0,-1,-1
"Inpp4a",-1,0,1,0,-1,1
"Inpp4b",1,0,1,-1,0,-1
"Inpp5a",0,1,0,-1,1,-1
"Inpp5b",0,0,1,-1,-1,1
"Inpp5d",-1,0,1,0,-1,1
"Inpp5e",-1,1,1,-1,0,0
"Inpp5f",-1,1,1,0,-1,0
"Inpp5j",1,1,0,0,-1,-1
"Inpp5k",-1,1,0,0,-1,1
"Inppl1",-1,0,-1,1,0,1
"Ip6k1",-1,1,0,0,-1,1
"Ip6k2",-1,1,0,1,-1,0
"Ip6k3",0,-1,1,-1,0,1
"Ipmk",1,0,1,-1,0,-1
"Ippk",0,0,1,-1,1,-1
"Ireb2",0,1,1,0,-1,-1
"Isyna1",0,0,-1,1,1,-1
"Itch",0,1,1,-1,-1,0
"Itpa",-1,0,-1,1,1,0
"Itpk1",1,-1,-1,0,0,1
"Itpka",0,-1,-1,1,1,0
"Itpkb",0,-1,0,-1,1,1
"Itpkc",-1,1,1,0,-1,0
"Ivd",-1,-1,0,0,1,1
"Jmjd7",1,0,-1,-1,0,1
"Kansl3",-1,0,1,-1,1,0
"Kars",0,0,1,-1,-1,1
"Kat2a",-1,1,0,0,-1,1
"Kat2b",-1,0,1,0,-1,1
"Kat5",-1,1,1,0,-1,0
"Kat6a",-1,1,1,0,-1,0
"Kat6b",0,1,1,-1,-1,0
"Kat7",-1,0,1,0,-1,1
"Kat8",-1,0,0,-1,1,1
"Kcnj11",0,1,-1,-1,1,0
"Kcnj8",-1,-1,0,1,0,1
"Kdsr",-1,0,1,1,-1,0
"Khk",-1,0,-1,0,1,1
"Kl",0,0,-1,1,0,-1
"Klhl23",-1,1,1,0,-1,0
"Klk1",-1,0,0,0,-1,1
"Kmo",1,0,1,-1,-1,0
"Kmt2a",-1,1,1,-1,0,0
"Kmt2b",-1,1,-1,0,0,1
"Kmt2c",0,1,1,0,-1,-1
"Kmt2d",-1,1,1,-1,0,0
"Kmt2e",0,1,1,-1,-1,0
"Kmt5a",0,0,-1,1,1,-1
"Kmt5b",0,1,1,0,-1,-1
"Kmt5c",-1,1,-1,1,0,0
"Kpna6",0,-1,1,0,-1,1
"Krtap11-1",-1,-1,-1,-1,-1,-1
"Kyat1",0,1,-1,-1,1,0
"Kyat3",1,-1,0,-1,1,0
"Kynu",0,1,0,-1,1,-1
"L1cam",0,-1,1,0,-1,1
"L2hgdh",1,-1,0,-1,1,0
"Lalba",1,1,0,-1,-1,0
"Lap3",1,1,0,-1,-1,0
"Lars",0,0,1,-1,-1,1
"Lbr",-1,1,0,0,-1,1
"Lcat",-1,1,0,1,0,-1
"Lclat1",-1,-1,1,0,0,1
"Lcmt1",-1,0,0,1,-1,1
"Lcmt2",0,1,-1,0,-1,1
"Lct",-1,0,-1,-1,-1,-1
"Ldha",0,-1,-1,0,1,1
"Ldhal6b",-1,-1,-1,-1,-1,-1
"Ldhb",1,-1,0,-1,1,0
"Ldhc",-1,-1,-1,-1,-1,-1
"Ldhd",1,-1,-1,0,0,1
"Ldlr",-1,-1,1,0,0,1
"Lefty1",-1,1,0,1,-1,0
"Lefty2",-1,-1,-1,1,-1,0
"Lenep",1,1,0,0,-1,-1
"Leng9",-1,1,-1,0,0,1
"Lgmn",0,0,1,-1,-1,1
"Lgsn",-1,-1,-1,-1,-1,-1
"Lhpp",-1,-1,1,0,1,0
"Lias",1,-1,0,-1,1,0
"Lipa",1,1,0,-1,-1,0
"Lipc",-1,0,1,1,0,-1
"Lipe",-1,-1,1,0,1,0
"Lipf",-1,-1,-1,-1,-1,-1
"Lipg",1,0,-1,0,1,-1
"Lipt1",1,-1,0,-1,1,0
"Lipt2",-1,0,-1,0,1,1
"Lox",-1,1,1,0,-1,0
"Lpcat1",0,1,0,-1,-1,1
"Lpcat2",1,1,0,-1,-1,0
"Lpcat3",-1,-1,1,0,0,1
"Lpcat4",0,1,-1,0,-1,1
"Lpgat1",-1,0,1,1,-1,0
"Lpin1",0,-1,1,0,-1,1
"Lpin2",-1,1,1,0,-1,0
"Lpin3",0,1,1,-1,0,-1
"Lpl",0,-1,1,1,0,-1
"Lpo",1,0,0,-1,-1,-1
"Lrat",-1,-1,1,1,0,0
"Lrp2",1,-1,-1,-1,-1,0
"Lrsam1",-1,0,0,-1,1,1
"Lss",1,0,-1,1,-1,0
"Lta4h",-1,1,1,0,-1,0
"Ltc4s",-1,-1,0,1,0,1
"Lypla1",0,-1,1,0,1,-1
"Lypla2",-1,1,-1,1,0,0
"Lyzl1",-1,-1,-1,-1,-1,-1
"Macrod1",1,0,-1,-1,1,0
"Macrod2",1,-1,-1,1,0,0
"Man1a",-1,0,1,1,-1,0
"Man1a2",0,1,1,0,-1,-1
"Man1b1",-1,1,1,0,-1,0
"Man1c1",0,1,0,-1,-1,1
"Man2a1",-1,0,1,0,-1,1
"Man2a2",-1,-1,1,0,0,1
"Man2b1",0,0,1,-1,-1,1
"Man2b2",0,0,1,-1,-1,1
"Man2c1",-1,1,0,0,-1,1
"Manba",-1,1,1,0,-1,0
"Mansc1",1,1,0,-1,-1,0
"Maoa",-1,0,1,0,-1,1
"Maob",0,-1,1,-1,1,0
"Marchf1",0,0,0,0,0,0
"Marchf10",0,0,0,0,0,0
"Marchf11",0,0,0,0,0,0
"Marchf2",0,0,0,0,0,0
"Marchf3",0,0,0,0,0,0
"Marchf4",0,0,0,0,0,0
"Marchf5",0,0,0,0,0,0
"Marchf6",0,0,0,0,0,0
"Marchf7",0,0,0,0,0,0
"Marchf8",0,0,0,0,0,0
"Marchf9",0,0,0,0,0,0
"Mars1",0,0,0,0,0,0
"Mars2",1,0,-1,-1,0,1
"Mat1a",0,1,0,-1,-1,0
"Mat2a",-1,-1,1,1,0,0
"Mat2b",1,0,-1,-1,1,0
"Mboat1",-1,0,1,1,-1,0
"Mboat2",0,1,1,0,-1,-1
"Mboat4",1,-1,-1,-1,-1,-1
"Mboat7",0,1,0,-1,-1,1
"Mcat",0,-1,-1,0,1,1
"Mccc1",0,-1,1,-1,0,1
"Mccc2",1,-1,0,-1,1,0
"Mcee",1,-1,-1,0,1,0
"Mdh1",1,-1,0,-1,1,0
"Mdh1b",-1,-1,-1,-1,-1,0
"Mdh2",1,-1,0,-1,1,0
"Mdm2",-1,1,1,0,-1,0
"Mdp1",-1,1,0,1,-1,0
"Me1",1,-1,0,1,-1,0
"Me2",-1,-1,1,0,0,1
"Me3",1,-1,0,-1,1,0
"Mecr",0,-1,-1,0,1,1
"Med1",-1,0,1,0,-1,1
"Meikin",-1,-1,-1,-1,-1,-1
"Mepce",-1,1,1,0,-1,0
"Mettl1",0,1,-1,1,-1,0
"Mettl14",-1,1,0,1,-1,0
"Mettl15",-1,0,1,-1,1,0
"Mettl16",-1,0,1,0,-1,1
"Mettl17",-1,1,1,0,0,-1
"Mettl18",-1,1,0,1,-1,0
"Mettl2",0,0,1,-1,-1,1
"Mettl21a",-1,0,0,1,-1,1
"Mettl21c",1,-1,1,-1,0,0
"Mettl22",1,-1,-1,0,1,0
"Mettl23",1,-1,-1,0,1,0
"Mettl3",-1,1,0,0,-1,1
"Mettl4",-1,0,1,0,-1,1
"Mettl5",1,1,-1,0,0,-1
"Mettl6",-1,0,1,1,0,-1
"Mettl7a1",-1,-1,0,1,0,1
"Mettl7b",-1,-1,1,1,0,0
"Mettl8",1,0,1,-1,-1,0
"Mgam",1,0,1,-1,0,-1
"Mgat1",-1,0,0,1,-1,1
"Mgat2",0,1,1,-1,-1,0
"Mgat3",0,0,1,-1,-1,1
"Mgat4a",1,1,0,-1,-1,0
"Mgat4b",-1,0,-1,1,0,1
"Mgat4c",-1,-1,-1,-1,-1,-1
"Mgat4d",-1,-1,-1,-1,-1,-1
"Mgat5",-1,0,1,0,-1,1
"Mgat5b",-1,-1,0,-1,-1,-1
"Mgll",0,-1,0,-1,1,1
"Mgmt",0,-1,-1,0,1,1
"Mgrn1",0,-1,0,-1,1,1
"Mgst1",0,1,0,1,-1,-1
"Mgst2",-1,0,-1,1,0,1
"Mgst3",-1,-1,0,1,0,1
"Mia3",-1,1,1,0,-1,0
"Mib1",0,1,1,0,-1,-1
"Mib2",0,1,0,-1,1,-1
"Mid1",-1,0,1,-1,0,1
"Mif",-1,1,-1,1,0,0
"Minpp1",0,1,-1,0,-1,1
"Miox",-1,-1,-1,-1,-1,-1
"Mkrn1",0,1,-1,-1,0,1
"Mkrn2",-1,0,-1,0,1,1
"Mkrn3",0,1,-1,0,1,-1
"Mlycd",1,-1,-1,0,1,0
"Mmaa",1,-1,0,-1,1,0
"Mmab",1,-1,0,0,-1,1
"Mmut",0,0,0,0,0,0
"Mocs1",0,1,-1,0,-1,1
"Mocs2",1,1,0,0,-1,-1
"Mogat1",-1,-1,1,1,0,0
"Mogat2",-1,1,-1,1,0,0
"Mogs",0,1,-1,0,-1,1
"Mpc1",1,-1,-1,0,1,0
"Mpc2",1,-1,-1,0,1,0
"Mpi",0,0,-1,-1,1,1
"Mpo",-1,0,0,0,-1,1
"Mpst",-1,1,-1,0,0,1
"Mri1",-1,1,-1,1,0,0
"Mrm1",1,-1,0,-1,1,0
"Mrm2",1,-1,-1,0,0,1
"Mrm3",1,-1,0,-1,1,0
"Mrpl58",-1,1,-1,0,1,0
"Msmo1",-1,-1,1,1,0,0
"Msra",1,-1,0,-1,1,0
"Mtap",-1,0,1,1,-1,0
"Mtfmt",-1,0,-1,1,1,0
"Mthfd1",0,0,1,-1,-1,1
"Mthfd1l",-1,-1,1,0,0,1
"Mthfd2",0,-1,-1,1,0,1
"Mthfd2l",0,1,0,1,-1,-1
"Mthfr",0,1,1,0,-1,-1
"Mthfs",0,1,-1,1,0,-1
"Mtm1",1,-1,1,0,0,-1
"Mtmr1",0,0,1,-1,1,-1
"Mtmr12",-1,0,1,0,-1,1
"Mtmr14",-1,1,0,-1,0,1
"Mtmr2",1,0,1,-1,-1,0
"Mtmr6",0,-1,1,0,-1,1
"Mtmr7",-1,1,1,0,-1,0
"Mtpap",1,0,1,-1,0,-1
"Mtr",0,0,1,-1,-1,1
"Mtrex",0,1,1,-1,-1,0
"Mtrr",-1,0,1,-1,0,1
"Mttp",-1,-1,1,1,0,0
"Mul1",0,0,-1,-1,1,1
"Mvd",1,0,-1,1,-1,0
"Mvk",0,0,-1,1,-1,1
"Mybbp1a",-1,0,1,-1,0,1
"Mycbp2",-1,0,1,1,-1,0
"Mylip",0,1,1,-1,-1,0
"Mylk",0,1,1,-1,-1,0
"Mylk2",-1,0,0,-1,1,1
"Mylk3",1,0,1,-1,0,-1
"Mylk4",-1,-1,1,0,0,1
"Myo5b",1,0,0,-1,1,-1
"N6amt1",-1,0,-1,1,1,0
"Naa10",-1,0,-1,1,1,0
"Naa11",-1,-1,-1,-1,-1,-1
"Naa15",0,1,1,0,-1,-1
"Naa20",0,0,-1,1,1,-1
"Naa30",0,-1,1,0,1,-1
"Naa40",-1,1,0,1,-1,0
"Naa50",0,0,1,1,-1,-1
"Naa60",-1,0,1,0,-1,1
"Naa80",0,0,-1,-1,1,1
"Naaa",-1,0,1,1,-1,0
"Nadk",-1,-1,0,0,1,1
"Nadk2",1,-1,0,-1,1,0
"Nadsyn1",-1,1,-1,0,0,1
"Nae1",0,1,1,0,-1,-1
"Naga",-1,1,0,0,-1,1
"Nagk",-1,0,0,1,-1,1
"Naglu",-1,1,0,0,-1,1
"Nagpa",-1,1,-1,0,0,1
"Nags",-1,-1,-1,-1,-1,-1
"Nampt",1,-1,1,0,0,-1
"Nanp",0,1,0,-1,-1,1
"Nans",1,1,-1,0,-1,0
"Naprt",0,-1,-1,0,1,1
"Napsa",1,0,-1,0,-1,1
"Nars",0,1,1,0,-1,-1
"Nat1",0,0,1,-1,1,-1
"Nat10",-1,0,1,1,-1,0
"Nat14",-1,1,-1,0,0,1
"Nat2",0,1,-1,1,-1,0
"Nat3",-1,-1,-1,-1,0,-1
"Nat8",1,1,0,-1,0,-1
"Nat8l",0,0,-1,1,1,-1
"Nat9",-1,0,-1,1,0,1
"Ncoa1",-1,0,1,0,-1,1
"Ncoa2",0,0,1,-1,-1,1
"Ncoa3",0,1,1,-1,-1,0
"Ncoa6",0,1,1,-1,-1,0
"Ncor1",-1,0,1,1,-1,0
"Ncor2",-1,0,1,-1,0,1
"Ndc1",-1,-1,1,0,0,1
"Ndst1",0,1,1,-1,-1,0
"Ndst2",-1,0,1,0,-1,1
"Ndst3",0,0,0,-1,-1,1
"Ndst4",-1,-1,-1,-1,-1,-1
"Ndufa1",1,-1,-1,0,1,0
"Ndufa10",1,-1,-1,0,1,0
"Ndufa11",1,-1,-1,0,1,0
"Ndufa12",-1,0,-1,1,1,0
"Ndufa13",1,-1,-1,0,1,0
"Ndufa2",0,-1,-1,1,1,0
"Ndufa3",1,-1,-1,0,1,0
"Ndufa4",1,-1,-1,0,1,0
"Ndufa5",1,-1,-1,0,1,0
"Ndufa6",1,0,-1,0,1,-1
"Ndufa8",1,-1,-1,0,1,0
"Ndufa9",1,-1,0,-1,1,0
"Ndufab1",1,0,-1,-1,1,0
"Ndufaf5",1,-1,0,-1,1,0
"Ndufb10",1,-1,-1,0,1,0
"Ndufb11",1,0,-1,-1,1,0
"Ndufb2",1,-1,-1,0,1,0
"Ndufb3",0,-1,-1,1,1,0
"Ndufb4b",0,0,0,0,0,0
"Ndufb5",1,0,-1,-1,1,0
"Ndufb6",1,-1,-1,0,1,0
"Ndufb7",1,-1,-1,0,1,0
"Ndufb8",1,-1,-1,0,1,0
"Ndufb9",1,-1,-1,0,1,0
"Ndufc1",1,-1,-1,0,1,0
"Ndufc2",1,-1,-1,0,1,0
"Ndufs1",1,-1,0,-1,1,0
"Ndufs2",1,-1,0,-1,1,0
"Ndufs3",1,-1,-1,0,1,0
"Ndufs4",1,-1,-1,0,1,0
"Ndufs5",0,-1,-1,1,1,0
"Ndufs6",1,-1,-1,0,1,0
"Ndufs7",1,-1,-1,0,1,0
"Ndufs8",1,-1,-1,0,1,0
"Ndufv1",1,0,-1,-1,1,0
"Ndufv2",1,0,-1,-1,1,0
"Ndufv3",1,-1,-1,0,1,0
"Nedd4",-1,1,1,0,-1,0
"Nedd4l",-1,1,1,-1,0,0
"Neu1",0,1,-1,0,-1,1
"Neu2",-1,1,-1,1,0,0
"Neu3",0,-1,0,-1,1,1
"Neu4",-1,-1,-1,-1,-1,-1
"Neurl1a",1,0,-1,-1,1,0
"Neurl1b",-1,1,0,0,1,-1
"Ngly1",0,-1,1,1,0,-1
"Nhlrc1",-1,1,0,-1,1,0
"Nit2",0,-1,-1,0,1,1
"Nktr",0,1,1,0,-1,-1
"Nln",-1,-1,1,0,0,1
"Nme1",1,0,-1,1,0,-1
"Nme2",1,-1,-1,0,1,0
"Nme3",-1,1,-1,0,0,1
"Nme4",-1,0,1,1,-1,0
"Nme5",-1,1,1,0,-1,0
"Nme6",-1,0,1,0,1,-1
"Nme7",0,1,1,-1,-1,0
"Nmnat1",1,-1,0,-1,1,0
"Nmnat2",-1,0,1,1,-1,0
"Nmnat3",0,-1,-1,1,1,0
"Nmrk1",0,1,-1,0,1,-1
"Nmrk2",0,1,-1,-1,1,0
"Nmt1",0,0,1,-1,-1,1
"Nmt2",0,-1,1,0,-1,1
"Nnmt",-1,0,1,0,1,-1
"Nnt",-1,-1,-1,-1,-1,-1
"Nol9",-1,0,1,0,-1,1
"Nop2",-1,-1,1,0,1,0
"Nos1",0,1,0,-1,-1,1
"Nos2",-1,0,0,-1,1,1
"Nos3",-1,0,0,1,-1,1
"Npas2",1,1,0,0,-1,-1
"Npc1",0,0,1,-1,-1,1
"Npc1l1",0,1,-1,-1,-1,-1
"Npepps",-1,1,1,-1,0,0
"Npl",-1,0,0,1,-1,1
"Npr1",-1,0,1,0,-1,1
"Npr2",-1,0,0,1,-1,1
"Nqo1",1,1,0,-1,-1,0
"Nqo2",1,0,1,-1,0,-1
"Nr1d1",-1,-1,1,0,1,0
"Nrf1",0,1,1,-1,-1,0
"Nsd1",-1,1,1,0,-1,0
"Nsd2",-1,0,1,0,-1,1
"Nsd3",-1,0,1,0,-1,1
"Nsdhl",0,-1,0,1,-1,1
"Nsun3",1,-1,1,-1,0,0
"Nsun4",0,-1,0,-1,1,1
"Nsun5",0,0,-1,-1,1,1
"Nsun6",-1,1,1,0,-1,0
"Nsun7",-1,-1,-1,1,-1,-1
"Nt5c",-1,1,0,1,-1,0
"Nt5c1a",0,-1,0,-1,0,1
"Nt5c1b",-1,-1,-1,0,-1,-1
"Nt5c2",-1,0,1,0,-1,1
"Nt5c3",-1,-1,1,0,1,0
"Nt5c3b",-1,1,0,0,-1,1
"Nt5dc3",-1,0,1,-1,0,1
"Nt5e",0,0,1,-1,-1,1
"Nt5m",0,-1,-1,1,1,0
"Ntan1",0,1,-1,-1,1,0
"Ntpcr",-1,0,-1,1,0,1
"Nudt11",0,1,0,1,-1,-1
"Nudt12",1,-1,1,-1,0,0
"Nudt14",0,1,-1,-1,1,0
"Nudt2",-1,0,1,0,-1,1
"Nudt3",0,-1,-1,1,0,1
"Nudt4",1,0,0,1,-1,-1
"Nudt5",-1,-1,1,1,0,0
"Nudt9",0,-1,1,-1,1,0
"Nup107",0,0,1,-1,-1,1
"Nup133",-1,0,1,-1,0,1
"Nup153",0,0,1,-1,-1,1
"Nup155",-1,0,1,0,-1,1
"Nup160",0,1,1,-1,-1,0
"Nup188",0,0,1,-1,-1,1
"Nup205",0,0,1,-1,-1,1
"Nup210",0,1,0,-1,-1,1
"Nup210l",-1,0,-1,1,0,1
"Nup214",0,1,0,-1,-1,1
"Nup35",-1,-1,1,1,0,0
"Nup37",-1,1,1,0,-1,0
"Nup43",-1,1,-1,1,0,0
"Nup50",-1,-1,1,1,0,0
"Nup54",-1,0,1,1,-1,0
"Nup62",-1,0,-1,0,1,1
"Nup62cl",0,0,-1,-1,1,0
"Nup85",-1,1,0,0,-1,1
"Nup88",0,1,1,-1,-1,0
"Nup93",-1,0,1,0,-1,1
"Nup98",0,0,1,-1,-1,1
"Nupl1",-1,-1,-1,-1,-1,-1
"Nupl2",-1,0,1,0,-1,1
"Oard1",-1,0,1,1,0,-1
"Oat",-1,0,1,0,-1,1
"Obsl1",-1,1,0,0,-1,1
"Oca2",-1,-1,-1,-1,-1,-1
"Ocrl",-1,1,1,0,-1,0
"Odc1",1,0,-1,-1,1,0
"Oga",0,0,0,0,0,0
"Ogdh",1,-1,0,-1,1,0
"Ogdhl",0,1,-1,0,1,-1
"Ogt",-1,1,1,0,0,-1
"Olah",1,1,0,-1,-1,0
"Oplah",1,-1,0,-1,1,0
"Otc",-1,-1,0,-1,-1,-1
"Otud5",-1,1,0,0,-1,1
"Oxct1",1,-1,0,-1,1,0
"Oxct2a",-1,-1,-1,-1,-1,-1
"Oxsm",1,-1,1,-1,0,0
"P4ha1",1,0,1,-1,-1,0
"P4ha2",-1,-1,1,1,0,0
"P4ha3",0,-1,0,1,-1,0
"P4hb",0,1,1,-1,-1,0
"Padi1",1,1,0,-1,0,-1
"Padi2",1,-1,1,-1,0,0
"Padi3",1,-1,1,-1,0,0
"Padi4",0,1,1,0,-1,-1
"Padi6",-1,-1,-1,-1,-1,-1
"Pafah1b1",0,1,1,0,-1,-1
"Pafah1b2",-1,0,1,1,-1,0
"Pafah1b3",0,1,-1,0,-1,1
"Pafah2",1,0,-1,-1,1,0
"Pah",-1,-1,0,-1,-1,-1
"Paics",0,-1,0,-1,1,1
"Pam",-1,0,1,0,-1,1
"Pan2",-1,1,0,0,-1,1
"Pank1",1,-1,0,-1,1,0
"Pank2",0,-1,1,0,-1,1
"Pank3",-1,-1,1,1,0,0
"Pank4",-1,1,0,-1,0,1
"Paox",-1,-1,0,1,0,1
"Papola",0,1,1,0,-1,-1
"Papolb",-1,1,-1,-1,-1,-1
"Papolg",-1,1,1,0,-1,0
"Papss1",0,1,1,-1,-1,0
"Papss2",-1,-1,1,1,0,0
"Parp1",1,0,-1,-1,0,1
"Parp10",-1,1,-1,0,0,1
"Parp11",-1,0,1,1,-1,0
"Parp12",-1,0,1,0,-1,1
"Parp14",-1,0,1,0,-1,1
"Parp16",0,-1,-1,0,1,1
"Parp2",-1,1,1,0,-1,0
"Parp3",-1,0,1,1,-1,0
"Parp4",0,0,1,-1,-1,1
"Parp6",0,-1,0,-1,1,1
"Parp8",-1,1,1,0,0,-1
"Parp9",-1,1,1,0,-1,0
"Pcbd1",-1,1,0,1,-1,0
"Pcbd2",0,0,-1,1,1,-1
"Pcca",1,-1,0,-1,1,0
"Pccb",0,-1,0,-1,1,1
"Pck1",-1,-1,0,0,1,1
"Pck2",-1,1,0,1,-1,0
"Pcmt1",0,-1,0,1,-1,1
"Pctp",1,-1,-1,0,1,0
"Pcx",-1,0,-1,1,0,1
"Pcyox1",1,-1,1,0,-1,0
"Pcyt1a",0,-1,1,-1,0,1
"Pcyt1b",0,-1,1,-1,1,0
"Pcyt2",1,-1,-1,0,1,0
"Pde10a",0,-1,1,-1,0,1
"Pde11a",0,1,1,-1,-1,0
"Pde1a",-1,-1,1,0,0,1
"Pde1b",-1,1,1,0,-1,0
"Pde1c",-1,1,1,-1,0,0
"Pde2a",-1,0,1,0,-1,1
"Pde3a",0,-1,1,-1,1,0
"Pde3b",-1,-1,1,1,0,0
"Pde4a",1,-1,0,-1,1,0
"Pde4b",1,1,0,-1,0,-1
"Pde4c",0,1,-1,-1,1,0
"Pde4d",1,-1,1,-1,0,0
"Pde5a",1,0,1,0,-1,-1
"Pde6a",0,-1,-1,0,-1,1
"Pde6b",-1,-1,-1,-1,-1,-1
"Pde6c",-1,-1,-1,-1,0,-1
"Pde6d",-1,0,0,-1,1,1
"Pde6g",-1,0,-1,0,1,0
"Pde6h",0,-1,-1,-1,-1,1
"Pde7a",0,1,1,-1,-1,0
"Pde7b",0,-1,1,-1,1,0
"Pde8a",0,-1,1,-1,1,0
"Pde8b",0,0,1,1,-1,-1
"Pde9a",-1,1,0,0,-1,1
"Pdf",0,1,-1,1,0,-1
"Pdha1",1,-1,-1,0,1,0
"Pdha2",-1,-1,-1,-1,-1,-1
"Pdhb",1,-1,-1,0,1,0
"Pdhx",1,-1,0,-1,1,0
"Pdia2",-1,-1,-1,1,-1,-1
"Pdia3",0,1,1,-1,-1,0
"Pdia4",-1,1,1,0,-1,0
"Pdia5",-1,0,1,0,-1,1
"Pdia6",-1,1,0,0,-1,1
"Pdk1",1,-1,0,0,-1,1
"Pdk2",1,-1,0,-1,1,0
"Pdk3",-1,0,1,0,-1,1
"Pdk4",1,-1,0,-1,1,0
"Pdp1",0,-1,1,0,1,-1
"Pdp2",-1,-1,0,0,1,1
"Pdpr",1,-1,1,-1,0,0
"Pdss1",1,-1,0,-1,1,0
"Pdss2",1,-1,0,-1,1,0
"Pdxk",0,-1,1,0,-1,1
"Pdxp",-1,0,-1,1,0,1
"Pdzd4",-1,1,0,0,-1,1
"Pecr",1,-1,-1,0,1,0
"Pemt",-1,0,0,1,-1,1
"Pepd",-1,-1,0,1,1,0
"Pex11a",0,-1,-1,1,1,0
"Pfas",-1,0,1,-1,1,0
"Pfkfb1",-1,-1,1,0,1,0
"Pfkfb2",0,1,1,-1,0,-1
"Pfkfb3",-1,-1,1,1,0,0
"Pfkfb4",0,-1,1,-1,1,0
"Pfkl",1,0,-1,-1,1,0
"Pfkm",-1,0,0,-1,1,1
"Pfkp",1,1,-1,-1,0,0
"Pgam1",1,0,-1,-1,1,0
"Pgam2",-1,1,0,-1,1,0
"Pgap1",0,1,1,0,-1,-1
"Pgd",1,0,-1,1,-1,0
"Pgghg",-1,1,1,0,-1,0
"Pgk1",1,0,-1,-1,1,0
"Pgk2",-1,-1,-1,-1,-1,-1
"Pgls",1,0,-1,-1,1,0
"Pglyrp1",0,1,-1,-1,0,1
"Pglyrp2",1,0,0,-1,-1,1
"Pglyrp3",-1,-1,-1,-1,-1,-1
"Pglyrp4",-1,-1,-1,-1,-1,-1
"Pgm1",-1,-1,1,0,0,1
"Pgm2",0,1,1,-1,-1,0
"Pgm2l1",0,1,1,0,-1,-1
"Pgm3",0,1,1,0,-1,-1
"Pgm5",-1,1,1,0,-1,0
"Pgp",1,1,-1,-1,0,0
"Pgs1",1,1,-1,0,0,-1
"Phgdh",-1,0,1,0,-1,1
"Phka1",-1,0,1,-1,0,1
"Phka2",-1,-1,1,0,0,1
"Phkb",-1,0,1,-1,0,1
"Phkg1",-1,0,1,-1,1,0
"Phkg2",-1,1,0,1,-1,0
"Phospho1",1,0,-1,-1,1,0
"Phospho2",0,-1,1,1,0,-1
"Phpt1",-1,0,-1,0,1,1
"Phyh",0,-1,1,-1,1,0
"Phykpl",1,0,-1,-1,1,0
"Pi4k2a",0,1,-1,0,-1,1
"Pi4k2b",0,1,1,0,-1,-1
"Pi4ka",0,-1,1,-1,0,1
"Pi4kb",-1,0,1,-1,0,1
"Piga",-1,1,1,0,-1,0
"Pigb",0,1,1,0,-1,-1
"Pigc",-1,1,0,1,-1,0
"Pigf",0,0,1,1,-1,-1
"Pigg",0,1,1,-1,0,-1
"Pigh",0,1,0,-1,-1,1
"Pigk",-1,0,1,0,-1,1
"Pigl",0,-1,1,1,-1,0
"Pigm",-1,1,0,1,-1,0
"Pign",0,0,1,-1,-1,1
"Pigo",1,1,-1,-1,0,0
"Pigp",-1,0,0,1,1,-1
"Pigq",0,-1,0,-1,1,1
"Pigs",-1,1,0,0,-1,1
"Pigt",-1,1,0,0,-1,1
"Pigu",-1,1,1,-1,0,0
"Pigv",0,1,-1,-1,0,1
"Pigw",-1,-1,1,0,1,0
"Pigx",-1,1,1,0,-1,0
"Pigyl",0,-1,-1,1,1,0
"Pigz",1,-1,0,0,-1,1
"Pik3c2a",0,1,1,0,-1,-1
"Pik3c2b",-1,1,1,-1,0,0
"Pik3c2g",0,1,1,-1,0,-1
"Pik3c3",0,1,1,-1,-1,0
"Pik3ca",0,1,1,0,-1,-1
"Pik3cb",-1,0,1,1,-1,0
"Pik3cd",-1,0,1,-1,0,1
"Pik3cg",0,0,1,-1,-1,1
"Pik3r1",-1,1,1,0,-1,0
"Pik3r2",-1,0,0,1,-1,1
"Pik3r3",1,-1,1,0,-1,0
"Pik3r5",0,1,-1,0,-1,1
"Pik3r6",0,-1,0,1,-1,1
"Pikfyve",-1,0,1,1,-1,0
"Pin1",-1,0,-1,0,1,1
"Pin4-ps",0,0,0,0,0,0
"Pip4k2a",-1,0,1,0,-1,1
"Pip4k2b",-1,0,1,0,-1,1
"Pip4k2c",1,1,0,-1,-1,0
"Pip4p1",-1,0,-1,1,0,1
"Pip4p2",1,1,-1,0,-1,0
"Pip5k1a",-1,1,1,0,-1,0
"Pip5k1b",0,1,1,-1,-1,0
"Pip5k1c",0,1,0,-1,-1,1
"Pip5kl1",-1,-1,-1,0,-1,-1
"Pipox",1,1,0,0,-1,-1
"Pisd",1,-1,0,-1,1,0
"Pja1",-1,1,0,0,-1,1
"Pja2",0,0,1,-1,-1,1
"Pklr",-1,-1,0,-1,-1,-1
"Pkm",1,0,-1,-1,1,0
"Pla2g10",-1,-1,-1,0,-1,-1
"Pla2g12a",0,-1,-1,1,1,0
"Pla2g12b",-1,-1,-1,-1,-1,-1
"Pla2g15",-1,1,0,0,-1,1
"Pla2g1b",-1,-1,-1,-1,-1,-1
"Pla2g2a",-1,-1,-1,-1,-1,-1
"Pla2g2c",-1,0,-1,-1,-1,-1
"Pla2g2d",0,0,1,-1,-1,1
"Pla2g2e",1,0,0,-1,0,-1
"Pla2g2f",0,-1,-1,-1,-1,-1
"Pla2g3",0,0,-1,-1,1,-1
"Pla2g4a",0,1,1,-1,-1,0
"Pla2g4b",-1,-1,-1,-1,-1,-1
"Pla2g4c",-1,0,1,-1,1,0
"Pla2g4d",-1,-1,-1,-1,-1,-1
"Pla2g4e",-1,0,1,-1,1,0
"Pla2g4f",1,-1,-1,0,-1,-1
"Pla2g5",0,1,0,-1,-1,1
"Pla2g6",-1,0,-1,0,1,1
"Pla2g7",1,1,0,-1,-1,0
"Plaat3",0,0,0,0,0,0
"Plb1",1,1,-1,-1,0,0
"Plcb1",-1,0,1,1,-1,0
"Plcb2",1,-1,0,0,-1,1
"Plcb3",-1,0,1,0,-1,1
"Plcb4",1,-1,1,0,-1,0
"Plcd1",-1,-1,0,0,1,1
"Plcd3",0,1,0,-1,1,-1
"Plcd4",0,-1,1,-1,1,0
"Plce1",-1,-1,1,0,0,1
"Plcg1",-1,0,1,-1,0,1
"Plcg2",0,1,1,-1,-1,0
"Plch1",-1,1,-1,0,-1,0
"Plch2",-1,1,0,1,-1,0
"Plcl1",0,1,1,-1,0,-1
"Plcl2",-1,0,1,-1,0,1
"Plcxd2",1,1,0,-1,-1,0
"Plcz1",-1,-1,0,-1,-1,-1
"Pld1",0,1,1,-1,-1,0
"Pld2",0,1,1,-1,-1,0
"Pld3",0,1,0,-1,-1,1
"Pld4",-1,0,1,0,-1,1
"Pld6",1,-1,-1,0,1,0
"Plg",-1,-1,1,-1,-1,-1
"Plin1",-1,-1,1,0,0,1
"Plin2",1,1,-1,0,0,-1
"Plin3",1,0,-1,-1,0,1
"Plin4",-1,-1,1,0,0,1
"Plod1",-1,-1,1,0,0,1
"Plod2",-1,0,1,1,-1,0
"Plod3",-1,0,1,0,-1,1
"Plpbp",1,0,-1,-1,1,0
"Plpp1",-1,0,1,-1,1,0
"Plpp2",1,1,-1,0,-1,0
"Plpp3",-1,0,1,0,-1,1
"Plpp4",-1,-1,-1,-1,-1,-1
"Plpp5",1,1,0,-1,-1,0
"Plpp6",-1,-1,1,0,0,1
"Plpp7",0,0,-1,-1,1,1
"Plppr2",-1,0,-1,1,0,1
"Plppr3",-1,0,0,1,-1,1
"Plppr4",1,-1,0,-1,1,0
"Plppr5",-1,-1,-1,-1,-1,-1
"Pltp",0,1,0,-1,-1,1
"Plxnb3",0,0,1,-1,-1,1
"Pmm1",1,0,-1,1,-1,0
"Pmm2",1,-1,0,-1,1,0
"Pmpca",1,-1,0,-1,0,1
"Pmvk",1,0,-1,1,-1,0
"Pnck",0,1,1,-1,-1,0
"Pnkp",1,1,-1,0,-1,0
"Pnlip",-1,-1,-1,-1,-1,-1
"Pnliprp1",-1,-1,-1,-1,0,-1
"Pnliprp2",-1,-1,-1,-1,-1,-1
"Pnmt",0,0,-1,-1,1,0
"Pnp",-1,-1,0,1,0,1
"Pnpla2",0,-1,-1,0,1,1
"Pnpla3",0,-1,0,1,-1,1
"Pnpla6",-1,1,-1,0,0,1
"Pnpla7",-1,0,1,-1,0,1
"Pnpla8",1,0,1,-1,0,-1
"Pnpo",-1,0,-1,1,1,0
"Poglut1",-1,0,1,0,-1,1
"Pola1",0,1,1,-1,-1,0
"Pola2",-1,0,1,0,-1,1
"Polb",0,0,1,-1,1,-1
"Pold1",0,1,-1,0,-1,1
"Pold2",1,-1,-1,0,0,1
"Pold3",1,1,0,-1,-1,0
"Pold4",-1,1,-1,1,0,0
"Pole",-1,0,1,0,-1,1
"Pole2",0,-1,1,0,-1,1
"Pole3",-1,0,1,0,-1,1
"Pole4",0,0,-1,1,1,-1
"Polg",-1,0,0,-1,1,1
"Polg2",0,1,-1,-1,1,0
"Polh",-1,0,1,-1,0,1
"Poli",-1,1,1,0,-1,0
"Polk",-1,1,1,0,-1,0
"Poll",0,1,-1,-1,1,0
"Polm",-1,1,0,0,-1,1
"Poln",1,-1,0,-1,1,0
"Polq",0,-1,1,-1,0,1
"Polr1a",-1,0,1,0,-1,1
"Polr1b",-1,0,1,0,-1,1
"Polr1c",-1,1,-1,0,0,1
"Polr1d",0,0,-1,1,1,-1
"Polr1e",-1,1,-1,1,0,0
"Polr1h",0,0,0,0,0,0
"Polr2a",-1,1,0,0,-1,1
"Polr2b",0,0,1,-1,-1,1
"Polr2c",-1,0,1,0,1,-1
"Polr2d",-1,0,-1,1,0,1
"Polr2e",-1,0,-1,0,1,1
"Polr2f",0,-1,-1,1,1,0
"Polr2g",-1,1,-1,1,0,0
"Polr2h",-1,1,-1,0,0,1
"Polr2i",0,0,-1,1,1,-1
"Polr2j",1,1,-1,0,-1,0
"Polr2l",-1,0,-1,1,1,0
"Polr3a",0,1,1,-1,-1,0
"Polr3b",0,0,1,-1,-1,1
"Polr3c",-1,0,1,-1,1,0
"Polr3d",-1,1,1,0,-1,0
"Polr3e",-1,-1,1,0,0,1
"Polr3f",-1,0,1,1,-1,0
"Polr3g",0,-1,1,1,-1,0
"Polr3gl",-1,-1,1,1,0,0
"Polr3h",-1,1,-1,1,0,0
"Polr3k",0,1,0,1,-1,-1
"Polrmt",0,0,-1,-1,1,1
"Pom121",-1,-1,0,1,0,1
"Pomgnt1",0,-1,0,-1,1,1
"Pomt1",-1,-1,0,1,0,1
"Pomt2",-1,0,1,0,-1,1
"Pon1",0,0,1,-1,1,-1
"Pon2",-1,0,1,1,-1,0
"Pon3",0,-1,1,1,-1,0
"Por",-1,-1,1,0,1,0
"Porcn",0,-1,0,1,-1,1
"Ppa1",1,-1,0,-1,1,0
"Ppa2",0,-1,1,0,1,-1
"Ppara",0,-1,0,-1,1,1
"Ppat",0,1,1,-1,-1,0
"Ppcdc",-1,0,-1,1,1,0
"Ppcs",1,-1,-1,0,1,0
"Ppia",1,0,0,1,-1,-1
"Ppib",0,1,-1,0,-1,1
"Ppic",-1,-1,1,0,0,1
"Ppid",0,0,1,1,-1,-1
"Ppie",0,1,-1,0,-1,1
"Ppif",1,0,-1,-1,1,0
"Ppig",0,1,0,1,-1,-1
"Ppih",-1,0,-1,1,0,1
"Ppil1",0,1,-1,0,-1,1
"Ppil2",0,0,1,-1,-1,1
"Ppil3",-1,0,0,1,-1,1
"Ppil4",0,0,1,1,-1,-1
"Ppil6",0,1,1,-1,-1,0
"Ppip5k1",0,-1,1,-1,1,0
"Ppip5k2",-1,1,1,0,-1,0
"Ppm1l",0,-1,1,-1,1,0
"Ppox",-1,1,-1,1,0,0
"Ppp1ca",-1,0,-1,0,1,1
"Ppp1cb",1,1,0,-1,0,-1
"Ppp1ccb",0,0,0,0,0,0
"Ppp1r3b",-1,-1,0,0,1,1
"Ppp1r3c",-1,-1,1,1,0,0
"Ppt1",0,1,1,-1,-1,0
"Ppt2",0,1,-1,-1,0,1
"Ppwd1",-1,0,1,1,-1,0
"Prdx1",0,1,1,-1,-1,0
"Prdx2",0,-1,-1,0,1,1
"Prdx3",1,-1,0,-1,1,0
"Prdx5",0,-1,-1,0,1,1
"Prdx6",-1,-1,0,0,1,1
"Prep",-1,0,1,-1,0,1
"Prkaca",0,-1,0,-1,1,1
"Prkacb",-1,0,1,0,-1,1
"Prkd1",-1,-1,1,0,0,1
"Prkn",-1,-1,1,0,1,0
"Prmt1",-1,0,1,-1,0,1
"Prmt2",-1,1,0,0,-1,1
"Prmt3",-1,1,1,0,-1,0
"Prmt5",-1,0,1,0,-1,1
"Prmt6",-1,0,0,1,-1,1
"Prmt7",0,-1,-1,0,1,1
"Prmt8",-1,-1,-1,-1,-1,-1
"Prmt9",-1,1,1,0,-1,0
"Prodh",0,1,-1,1,-1,0
"Prodh2",-1,-1,-1,-1,-1,-1
"Prps1",-1,0,0,1,-1,1
"Prps1l1",-1,-1,-1,0,-1,-1
"Prps2",0,1,1,-1,-1,0
"Prrt2",-1,1,1,-1,0,0
"Prune1",-1,1,1,-1,0,0
"Psap",0,1,0,-1,-1,1
"Psat1",-1,0,1,0,-1,1
"Psph",1,-1,-1,0,1,0
"Ptdss1",-1,1,0,0,-1,1
"Ptdss2",0,0,-1,-1,1,1
"Pten",-1,0,1,1,0,-1
"Ptgds",0,-1,-1,1,1,0
"Ptges",0,1,0,1,-1,-1
"Ptges2",1,-1,-1,0,1,0
"Ptges3-ps",0,0,0,0,0,0
"Ptgis",1,-1,0,0,-1,1
"Ptgr1",-1,1,1,0,-1,0
"Ptgs1",0,1,0,-1,-1,1
"Ptgs2",1,0,1,-1,-1,0
"Ptpdc1",-1,0,1,1,-1,0
"Ptpmt1",0,0,0,0,0,0
"Ptprq",-1,-1,0,-1,-1,-1
"Ptrh1",-1,0,-1,1,0,1
"Ptrh2",0,-1,-1,1,0,1
"Pts",1,-1,0,0,1,-1
"Pus1",-1,0,-1,1,0,1
"Pxdn",-1,0,1,0,-1,1
"Pxylp1",-1,1,1,0,-1,0
"Pycr1",-1,1,-1,0,0,1
"Pycr2",0,1,-1,0,-1,1
"Pycrl",0,-1,-1,0,1,1
"Pygb",-1,0,1,0,-1,1
"Pygl",0,-1,0,-1,1,1
"Pygm",0,-1,0,-1,1,1
"Pyurf",1,-1,-1,0,1,0
"Qars",0,1,0,-1,-1,1
"Qdpr",0,-1,-1,1,1,0
"Qpct",1,-1,1,0,-1,0
"Qprt",0,1,-1,0,-1,1
"Qtrt1",-1,1,-1,1,0,0
"Qtrt2",-1,0,1,1,-1,0
"Rad1",-1,1,1,-1,0,0
"Rad18",-1,1,1,0,-1,0
"Rad9a",-1,0,0,1,-1,1
"Rae1",-1,1,1,0,-1,0
"Rag1",-1,-1,-1,-1,-1,-1
"Ralbp1",0,1,1,-1,-1,0
"Ranbp2",0,1,1,0,-1,-1
"Rars",-1,0,1,0,-1,1
"Rbak",-1,1,1,0,-1,0
"Rbbp6",-1,0,1,1,0,-1
"Rbks",-1,-1,1,0,1,0
"Rbp1",0,1,-1,0,-1,1
"Rbp2",-1,-1,-1,-1,-1,0
"Rbp3",-1,-1,-1,-1,-1,-1
"Rbp4",1,-1,-1,0,1,0
"Rchy1",-1,1,1,-1,0,0
"Rcl1",-1,-1,0,1,0,1
"Rdh1",1,-1,0,-1,0,1
"Rdh10",-1,1,1,0,-1,0
"Rdh11",0,1,-1,1,-1,0
"Rdh12",-1,1,-1,0,1,0
"Rdh13",0,-1,-1,0,1,1
"Rdh14",1,-1,0,0,1,-1
"Rdh5",-1,0,-1,1,0,1
"Rdh8",-1,-1,-1,-1,-1,-1
"Renbp",0,1,-1,0,-1,1
"Rev3l",-1,1,1,0,-1,0
"Rfc5",0,1,-1,0,-1,1
"Rfk",1,1,0,-1,0,-1
"Rfwd3",0,1,1,-1,-1,0
"Rgl1",-1,0,1,0,-1,1
"Rgn",-1,-1,1,0,-1,0
"Rhag",-1,-1,-1,-1,0,-1
"Rhbg",-1,1,0,1,-1,0
"Rhcg",-1,-1,-1,-1,-1,-1
"Ring1",-1,1,-1,0,0,1
"Rlbp1",0,-1,-1,-1,-1,-1
"Rnf103",0,1,1,0,-1,-1
"Rnf115",0,0,1,-1,-1,1
"Rnf123",0,0,-1,-1,1,1
"Rnf125",0,1,1,-1,-1,0
"Rnf126",-1,0,-1,1,1,0
"Rnf128",1,1,0,-1,0,-1
"Rnf13",0,1,1,-1,-1,0
"Rnf130",-1,1,1,0,-1,0
"Rnf133",-1,-1,-1,-1,-1,-1
"Rnf138",-1,1,0,1,0,-1
"Rnf139",0,-1,1,-1,1,0
"Rnf14",-1,-1,1,0,0,1
"Rnf144a",-1,-1,1,0,0,1
"Rnf144b",-1,0,1,1,-1,0
"Rnf146",1,1,0,0,-1,-1
"Rnf149",1,1,0,0,-1,-1
"Rnf152",1,-1,0,-1,1,0
"Rnf167",0,1,-1,-1,0,1
"Rnf180",-1,1,0,-1,0,1
"Rnf182",1,0,0,-1,-1,1
"Rnf185",-1,0,1,0,-1,1
"Rnf187",-1,0,-1,1,0,1
"Rnf19a",-1,0,1,1,-1,0
"Rnf19b",-1,0,0,1,-1,1
"Rnf2",0,0,1,1,-1,-1
"Rnf20",0,1,1,-1,-1,0
"Rnf216",0,0,1,-1,-1,1
"Rnf217",0,-1,1,0,1,-1
"Rnf25",-1,0,1,1,-1,0
"Rnf31",-1,1,0,0,-1,1
"Rnf40",-1,1,0,-1,0,1
"Rnf41",-1,1,1,0,-1,0
"Rnf5",1,0,-1,-1,1,0
"Rnf8",0,1,-1,1,-1,0
"Rngtt",1,0,1,0,-1,-1
"Rnmt",-1,0,1,1,0,-1
"Rnpep",-1,1,0,1,-1,0
"Rora",0,1,1,0,-1,-1
"Rpe",1,0,1,0,-1,-1
"Rpe65",-1,-1,-1,-1,-1,-1
"Rpia",0,0,-1,1,1,-1
"Rpl36al",0,1,-1,1,-1,0
"Rpn1",0,1,-1,0,-1,1
"Rpn2",-1,1,0,0,-1,1
"Rpp14",1,0,-1,1,0,-1
"Rpusd4",0,1,-1,0,1,-1
"Rrm1",0,0,1,-1,-1,1
"Rrm2",0,1,0,-1,-1,1
"Rrm2b",0,0,1,1,-1,-1
"Rrp8",-1,0,1,1,-1,0
"Rtca",-1,-1,0,1,1,0
"Rwdd2a",-1,1,0,1,0,-1
"Rxra",-1,0,0,1,-1,1
"Sacm1l",1,0,1,0,-1,-1
"Sae1",-1,0,1,0,-1,1
"Sap130",0,0,1,-1,-1,1
"Sapcd1",1,-1,-1,0,1,0
"Sardh",-1,0,-1,0,1,1
"Sars",-1,1,1,-1,0,0
"Sat1",0,1,1,0,-1,-1
"Sat2",-1,-1,1,1,0,0
"Satl1",-1,-1,-1,-1,-1,-1
"Sc5d",0,0,1,1,-1,-1
"Scarb1",-1,1,0,0,-1,1
"Scarf2",-1,1,-1,0,0,1
"Sccpdh",0,-1,1,1,0,-1
"Scd1",-1,0,1,0,-1,1
"Scd2",1,0,-1,1,-1,0
"Scly",0,1,-1,0,-1,1
"Scp2",0,-1,0,1,1,-1
"Sdc1",-1,1,0,0,-1,1
"Sdha",1,-1,0,-1,1,0
"Sdhb",1,0,-1,-1,1,0
"Sdhc",1,-1,-1,0,1,0
"Sdhd",1,-1,0,-1,1,0
"Sdr16c5",-1,-1,-1,-1,-1,-1
"Sdr42e1",-1,1,0,0,-1,1
"Sdr9c7",0,-1,-1,-1,-1,-1
"Sds",0,1,0,0,-1,-1
"Sdsl",0,-1,-1,0,1,1
"Sec11a",-1,1,0,1,-1,0
"Sec11c",1,1,-1,0,-1,0
"Sec13",0,1,-1,0,-1,1
"Seh1l",-1,1,1,0,-1,0
"Selenoi",-1,0,1,0,-1,1
"Sephs1",-1,1,1,0,-1,0
"Sephs2",0,-1,-1,1,1,0
"Serpina1b",1,-1,1,-1,0,0
"Serpina1c",1,-1,1,-1,0,0
"Serpina1e",-1,0,1,0,-1,-1
"Serpina3c",-1,0,1,1,-1,0
"Serpina3f",-1,0,1,0,-1,1
"Serpina3k",-1,0,1,1,-1,0
"Serpina3m",-1,0,1,0,-1,1
"Setd1a",-1,0,1,-1,0,1
"Setd1b",0,1,0,-1,-1,1
"Setd2",-1,1,1,0,0,-1
"Setd5",-1,1,1,0,-1,0
"Setd6",-1,0,0,1,1,-1
"Setd7",0,1,1,0,-1,-1
"Setdb1",-1,1,1,0,-1,0
"Setdb2",-1,1,1,0,-1,0
"Setmar",-1,0,1,-1,0,1
"Sfxn1",-1,-1,1,1,0,0
"Sfxn3",0,1,0,-1,-1,1
"Sgms1",-1,1,1,0,-1,0
"Sgms2",-1,0,0,1,-1,1
"Sgpl1",0,-1,1,-1,1,0
"Sgpp1",-1,1,1,0,-1,0
"Sgpp2",-1,0,0,0,-1,1
"Sgsh",0,1,0,-1,-1,1
"Sh3bp1",-1,1,0,0,-1,1
"Sh3glb1",0,-1,1,0,1,-1
"Sh3rf1",-1,1,1,0,-1,0
"Sh3rf2",1,-1,0,-1,1,0
"Sh3rf3",0,0,1,-1,-1,1
"Shmt1",1,0,-1,-1,1,0
"Shmt2",0,1,-1,-1,0,1
"Shpk",0,-1,-1,1,1,0
"Shprh",0,1,1,0,-1,-1
"Siae",0,0,1,-1,-1,1
"Siah1a",0,1,-1,0,1,-1
"Siah2",1,0,-1,1,0,-1
"Sin3a",-1,0,1,-1,0,1
"Sin3b",-1,0,-1,0,1,1
"Sirt1",-1,1,1,0,0,-1
"Sirt2",0,-1,1,-1,1,0
"Sirt3",1,0,-1,-1,1,0
"Sirt5",1,0,-1,-1,1,0
"Sirt6",-1,1,-1,0,0,1
"Sirt7",0,1,-1,1,0,-1
"Sis",-1,-1,-1,-1,-1,-1
"Slc10a1",-1,-1,0,-1,1,-1
"Slc10a2",-1,-1,-1,-1,-1,-1
"Slc10a6",-1,0,0,1,-1,1
"Slc11a1",0,1,0,-1,-1,1
"Slc11a2",0,1,-1,-1,0,1
"Slc12a1",-1,-1,-1,-1,-1,-1
"Slc12a2",-1,-1,1,0,1,0
"Slc12a3",-1,-1,-1,-1,0,-1
"Slc12a4",-1,0,1,0,-1,1
"Slc12a5",0,-1,0,-1,1,1
"Slc12a6",0,0,1,-1,-1,1
"Slc12a7",-1,0,1,-1,0,1
"Slc13a1",-1,-1,-1,-1,-1,-1
"Slc13a2",1,1,-1,0,-1,0
"Slc13a3",0,-1,0,1,-1,1
"Slc13a4",-1,-1,0,1,0,1
"Slc13a5",-1,-1,0,-1,-1,1
"Slc14a1",0,-1,1,1,-1,0
"Slc14a2",-1,-1,-1,-1,-1,-1
"Slc15a1",-1,0,-1,-1,-1,-1
"Slc15a2",0,1,0,1,-1,-1
"Slc15a3",0,1,0,-1,-1,1
"Slc15a4",-1,1,-1,0,0,1
"Slc16a1",1,0,-1,-1,1,0
"Slc16a10",-1,-1,1,1,0,0
"Slc16a12",1,0,-1,1,-1,0
"Slc16a13",-1,-1,0,1,0,1
"Slc16a2",1,0,-1,-1,1,0
"Slc16a3",-1,1,0,0,-1,1
"Slc16a4",-1,0,1,1,0,-1
"Slc16a5",1,1,0,-1,0,-1
"Slc16a6",-1,0,1,-1,0,1
"Slc16a7",-1,-1,1,1,0,0
"Slc16a8",0,-1,-1,1,1,0
"Slc16a9",1,0,0,-1,-1,1
"Slc17a1",-1,-1,-1,-1,-1,-1
"Slc17a2",-1,-1,-1,-1,-1,-1
"Slc17a3",-1,-1,-1,-1,-1,0
"Slc17a4",-1,-1,-1,-1,-1,-1
"Slc17a5",1,1,0,0,-1,-1
"Slc17a6",-1,-1,-1,-1,-1,-1
"Slc17a7",1,1,-1,0,-1,0
"Slc17a8",0,-1,1,1,0,-1
"Slc18a1",0,1,1,0,-1,-1
"Slc18a2",-1,-1,1,1,0,0
"Slc18a3",-1,-1,-1,-1,-1,-1
"Slc19a1",0,0,-1,1,-1,1
"Slc19a2",0,-1,1,-1,1,0
"Slc19a3",0,0,1,-1,-1,1
"Slc1a1",1,1,0,-1,0,-1
"Slc1a2",1,1,0,0,-1,-1
"Slc1a3",-1,-1,1,0,0,1
"Slc1a4",1,1,0,0,-1,-1
"Slc1a5",-1,-1,1,1,0,0
"Slc1a6",-1,-1,-1,0,-1,1
"Slc1a7",-1,0,0,1,-1,-1
"Slc20a1",-1,0,1,1,0,-1
"Slc20a2",0,-1,1,-1,1,0
"Slc22a1",-1,-1,-1,-1,1,0
"Slc22a12",1,-1,0,0,-1,-1
"Slc22a13",-1,-1,-1,0,-1,-1
"Slc22a15",-1,0,0,-1,1,1
"Slc22a16",-1,-1,-1,-1,-1,-1
"Slc22a18",0,1,-1,0,-1,1
"Slc22a19",-1,-1,-1,-1,-1,-1
"Slc22a2",1,-1,0,-1,1,0
"Slc22a27",-1,-1,-1,-1,-1,-1
"Slc22a28",-1,-1,-1,-1,-1,-1
"Slc22a29",-1,-1,-1,-1,-1,-1
"Slc22a3",-1,-1,1,0,1,0
"Slc22a30",-1,-1,-1,-1,-1,-1
"Slc22a4",-1,-1,1,1,0,0
"Slc22a5",-1,0,1,-1,1,0
"Slc22a6",-1,-1,-1,-1,-1,-1
"Slc22a7",0,1,-1,-1,-1,-1
"Slc22a8",-1,-1,0,-1,-1,-1
"Slc23a1",-1,1,1,0,-1,0
"Slc23a2",0,0,1,-1,-1,1
"Slc24a1",-1,1,0,0,0,-1
"Slc24a2",0,-1,1,-1,1,0
"Slc24a3",0,-1,0,-1,1,1
"Slc24a4",1,-1,-1,-1,-1,-1
"Slc24a5",-1,0,0,1,0,-1
"Slc25a1",0,-1,-1,1,0,1
"Slc25a10",-1,0,-1,1,0,1
"Slc25a11",1,0,-1,-1,1,0
"Slc25a12",0,-1,1,-1,0,1
"Slc25a13",0,1,1,-1,-1,0
"Slc25a14",-1,1,1,-1,0,0
"Slc25a15",1,0,-1,-1,1,0
"Slc25a16",1,-1,0,-1,1,0
"Slc25a17",0,-1,-1,0,1,1
"Slc25a18",-1,0,0,0,-1,1
"Slc25a19",1,-1,-1,0,1,0
"Slc25a2",-1,-1,0,1,0,-1
"Slc25a20",1,-1,0,-1,1,0
"Slc25a21",-1,-1,0,0,0,1
"Slc25a22",0,-1,-1,0,1,1
"Slc25a26",1,-1,-1,0,1,0
"Slc25a27",-1,1,-1,0,1,0
"Slc25a28",-1,1,-1,0,1,0
"Slc25a29",-1,0,-1,1,1,0
"Slc25a3",0,0,-1,-1,1,1
"Slc25a32",0,-1,1,1,0,-1
"Slc25a38",1,0,-1,0,1,-1
"Slc25a4",1,0,-1,-1,1,0
"Slc25a42",0,-1,-1,0,1,1
"Slc25a5",0,-1,-1,0,1,1
"Slc26a1",-1,0,0,-1,-1,1
"Slc26a11",1,1,-1,0,-1,0
"Slc26a2",-1,0,0,1,-1,1
"Slc26a3",-1,-1,-1,-1,-1,-1
"Slc26a4",-1,-1,-1,-1,-1,-1
"Slc26a6",0,1,-1,0,1,-1
"Slc26a7",1,-1,-1,-1,0,-1
"Slc26a8",0,0,1,-1,0,-1
"Slc26a9",1,0,-1,-1,-1,-1
"Slc27a1",-1,-1,0,1,1,0
"Slc27a2",1,-1,0,-1,1,0
"Slc27a3",-1,1,0,0,-1,1
"Slc27a4",0,1,0,-1,-1,1
"Slc27a5",0,1,0,-1,-1,-1
"Slc27a6",-1,0,1,0,-1,1
"Slc28a1",-1,-1,-1,-1,-1,1
"Slc28a2",-1,-1,1,0,0,1
"Slc28a3",1,1,0,-1,-1,0
"Slc29a1",0,1,-1,-1,0,1
"Slc29a2",-1,1,-1,0,0,1
"Slc29a3",-1,0,1,0,-1,1
"Slc29a4",1,1,-1,-1,0,0
"Slc2a1",1,1,0,-1,-1,0
"Slc2a10",0,-1,1,0,-1,1
"Slc2a12",0,-1,1,-1,1,0
"Slc2a13",-1,0,1,0,-1,1
"Slc2a2",-1,-1,0,-1,-1,-1
"Slc2a3",-1,0,1,1,-1,0
"Slc2a4",1,-1,-1,0,0,1
"Slc2a5",1,1,-1,0,-1,0
"Slc2a6",1,0,0,-1,-1,1
"Slc2a7",-1,-1,-1,-1,-1,-1
"Slc2a8",-1,0,-1,1,0,1
"Slc2a9",1,1,0,-1,-1,0
"Slc30a1",-1,0,1,1,0,-1
"Slc30a6",-1,1,1,-1,0,0
"Slc30a7",0,1,1,-1,-1,0
"Slc31a1",1,1,0,-1,-1,0
"Slc32a1",-1,-1,-1,-1,-1,-1
"Slc33a1",1,0,1,0,-1,-1
"Slc34a1",-1,-1,-1,-1,-1,-1
"Slc34a2",1,1,0,-1,-1,0
"Slc34a3",-1,-1,-1,-1,-1,-1
"Slc35a1",1,1,-1,0,-1,0
"Slc35a2",0,1,-1,0,-1,1
"Slc35a3",0,1,1,0,-1,-1
"Slc35b2",-1,1,-1,1,0,0
"Slc35b4",-1,-1,1,0,0,1
"Slc35c1",1,1,-1,0,-1,0
"Slc35d1",0,-1,1,0,-1,1
"Slc35d2",-1,0,1,0,-1,1
"Slc36a1",-1,0,1,-1,0,1
"Slc36a2",0,-1,-1,0,1,1
"Slc36a3",-1,-1,-1,-1,-1,-1
"Slc36a4",-1,0,1,0,-1,1
"Slc37a1",1,1,0,0,-1,-1
"Slc37a4",-1,0,-1,1,0,1
"Slc38a1",-1,0,1,0,-1,1
"Slc38a2",0,1,1,-1,-1,0
"Slc38a3",0,1,0,-1,1,-1
"Slc38a4",-1,0,1,0,-1,1
"Slc38a5",-1,-1,1,-1,-1,-1
"Slc39a1",-1,1,0,0,-1,1
"Slc39a10",-1,1,1,0,-1,0
"Slc39a14",1,1,0,-1,-1,0
"Slc39a2",-1,-1,-1,1,-1,0
"Slc39a3",0,1,-1,-1,0,1
"Slc39a4",1,1,-1,-1,0,0
"Slc39a5",-1,-1,-1,-1,-1,-1
"Slc39a6",-1,1,1,0,-1,0
"Slc39a7",0,1,-1,1,-1,0
"Slc39a8",0,1,1,0,-1,-1
"Slc3a1",-1,-1,-1,1,-1,-1
"Slc3a2",1,1,-1,0,-1,0
"Slc40a1",1,1,0,-1,0,-1
"Slc41a1",1,1,0,-1,0,-1
"Slc41a2",0,1,1,0,-1,-1
"Slc43a1",-1,0,1,1,-1,0
"Slc43a2",1,1,-1,0,-1,0
"Slc44a1",0,1,1,-1,-1,0
"Slc44a2",-1,1,1,-1,0,0
"Slc44a3",-1,1,1,0,-1,0
"Slc44a4",-1,0,0,1,-1,1
"Slc44a5",0,-1,1,-1,0,-1
"Slc46a1",0,1,-1,1,-1,0
"Slc47a1",1,0,0,-1,1,-1
"Slc4a1",-1,-1,0,0,1,1
"Slc4a10",1,-1,0,-1,-1,0
"Slc4a2",0,1,1,-1,-1,0
"Slc4a3",1,1,0,0,-1,-1
"Slc4a4",1,-1,0,-1,1,0
"Slc4a5",-1,-1,-1,-1,0,1
"Slc4a7",-1,0,1,1,-1,0
"Slc4a8",-1,-1,1,0,0,1
"Slc4a9",-1,-1,-1,-1,-1,-1
"Slc51a",1,-1,0,0,1,-1
"Slc51b",-1,0,-1,-1,-1,-1
"Slc52a2",1,0,-1,-1,1,0
"Slc52a3",0,-1,1,0,-1,1
"Slc5a1",1,1,0,-1,-1,0
"Slc5a10",0,-1,-1,-1,-1,-1
"Slc5a11",-1,-1,-1,-1,-1,-1
"Slc5a12",-1,-1,-1,-1,-1,-1
"Slc5a2",-1,-1,-1,-1,-1,1
"Slc5a3",-1,1,1,0,-1,0
"Slc5a5",-1,0,1,1,-1,0
"Slc5a6",-1,-1,0,1,1,0
"Slc5a7",0,-1,1,-1,-1,0
"Slc5a8",0,1,0,1,-1,-1
"Slc5a9",1,1,-1,0,-1,0
"Slc6a1",-1,-1,1,0,0,1
"Slc6a11",-1,-1,-1,-1,-1,-1
"Slc6a12",-1,-1,1,0,0,1
"Slc6a13",-1,0,1,0,-1,1
"Slc6a14",0,1,0,-1,-1,-1
"Slc6a15",-1,1,1,0,0,-1
"Slc6a18",-1,1,-1,-1,-1,-1
"Slc6a19",1,0,-1,-1,1,0
"Slc6a2",0,1,0,-1,-1,0
"Slc6a20a",0,-1,0,-1,-1,1
"Slc6a3",-1,0,-1,-1,-1,-1
"Slc6a4",0,-1,1,0,-1,1
"Slc6a5",-1,-1,-1,0,-1,-1
"Slc6a6",-1,0,1,-1,1,0
"Slc6a7",0,1,0,-1,-1,-1
"Slc6a8",1,1,0,-1,0,-1
"Slc6a9",-1,1,-1,0,0,1
"Slc7a1",0,1,0,-1,-1,1
"Slc7a10",-1,1,-1,0,1,0
"Slc7a11",-1,1,0,0,-1,1
"Slc7a2",-1,0,1,1,-1,0
"Slc7a3",-1,1,-1,0,-1,-1
"Slc7a5",1,1,-1,0,-1,0
"Slc7a6",1,-1,0,0,-1,1
"Slc7a7",-1,1,0,0,-1,1
"Slc7a8",0,-1,1,0,-1,1
"Slc7a9",-1,-1,-1,-1,-1,-1
"Slc8a1",0,1,1,-1,-1,0
"Slc8a2",0,1,0,-1,-1,1
"Slc8a3",0,-1,1,-1,1,0
"Slc8b1",-1,1,1,0,-1,0
"Slc9a1",-1,1,1,0,-1,0
"Slc9a2",1,1,0,-1,0,-1
"Slc9a3",0,-1,0,1,1,-1
"Slc9a4",1,1,0,0,-1,-1
"Slc9a5",-1,1,-1,0,1,0
"Slc9a7",0,-1,1,-1,1,0
"Slc9a8",-1,1,-1,0,0,1
"Slc9a9",-1,0,1,0,-1,1
"Slco1a4",1,-1,1,0,-1,0
"Slco1b2",-1,-1,1,-1,-1,-1
"Slco1c1",0,-1,1,0,0,-1
"Slco2a1",-1,-1,1,0,0,1
"Slco2b1",-1,0,1,0,-1,1
"Slco3a1",0,-1,1,-1,0,1
"Slco4a1",1,0,-1,-1,1,0
"Smarcd3",0,1,-1,-1,1,0
"Smox",-1,1,0,0,-1,1
"Smpd1",0,-1,0,-1,1,1
"Smpd2",-1,1,0,1,-1,0
"Smpd3",1,-1,0,-1,0,1
"Smpd4",-1,1,0,0,-1,1
"Sms-ps",0,0,0,0,0,0
"Smurf1",-1,0,1,0,-1,1
"Smurf2",0,0,1,-1,-1,1
"Smyd2",-1,1,0,-1,0,1
"Smyd3",-1,1,1,-1,0,0
"Soat1",0,0,1,-1,-1,1
"Soat2",-1,1,-1,-1,0,0
"Sod1",-1,0,-1,1,0,1
"Sod2",1,-1,0,-1,1,0
"Sod3",0,0,-1,-1,1,1
"Sord",0,-1,1,-1,1,0
"Spcs1",-1,1,1,0,-1,0
"Spcs2",0,1,1,-1,0,-1
"Spcs3",-1,1,1,0,-1,0
"Sphk1",0,1,-1,1,-1,0
"Sphk2",0,1,-1,1,-1,0
"Spr",-1,0,-1,0,1,1
"Sptlc1",-1,0,0,1,-1,1
"Sptlc2",-1,1,1,0,-1,0
"Sptlc3",-1,1,1,0,0,-1
"Sqle",1,0,-1,0,-1,1
"Srd5a1",1,0,1,0,-1,-1
"Srd5a2",0,0,-1,-1,1,0
"Srd5a3",1,1,0,-1,-1,0
"Srebf1",-1,0,-1,0,1,1
"Srm",0,0,-1,1,-1,1
"Srpk3",0,0,-1,-1,1,1
"Srr",1,-1,0,-1,0,1
"Ssr4",0,1,-1,1,-1,0
"St3gal1",-1,-1,1,0,0,1
"St3gal2",0,0,1,-1,-1,1
"St3gal3",0,-1,0,-1,1,1
"St3gal4",-1,-1,1,0,0,1
"St3gal5",1,-1,0,-1,1,0
"St3gal6",0,-1,1,0,1,-1
"St6gal1",1,1,0,-1,-1,0
"St6gal2",-1,0,-1,-1,-1,-1
"St6galnac1",-1,-1,-1,-1,-1,-1
"St6galnac2",0,1,-1,1,0,-1
"St6galnac3",1,-1,1,-1,0,0
"St6galnac4",-1,1,0,-1,0,1
"St6galnac5",-1,-1,1,1,0,0
"St6galnac6",1,0,-1,-1,1,0
"St8sia1",0,-1,1,-1,-1,0
"St8sia4",0,0,1,1,-1,-1
"St8sia5",1,0,-1,-1,1,0
"Stambp",-1,1,1,0,-1,0
"Stambpl1",0,1,1,-1,-1,0
"Star",0,0,1,-1,-1,1
"Stard10",-1,0,-1,1,0,1
"Stard13",0,-1,1,0,-1,1
"Stard3",-1,1,-1,0,1,0
"Stard4",-1,1,1,-1,0,0
"Stard5",1,1,-1,-1,0,0
"Stard6",1,-1,1,0,-1,0
"Stard7",0,-1,0,-1,1,1
"Stard8",-1,0,1,0,-1,1
"Stard9",1,1,0,-1,-1,0
"Stra6",-1,-1,1,0,0,1
"Sts",0,0,0,0,0,0
"Stt3a",0,1,1,-1,-1,0
"Stt3b",-1,0,1,0,-1,1
"Stub1",-1,0,-1,0,1,1
"Sucla2",1,-1,0,-1,1,0
"Suclg1",1,-1,0,-1,1,0
"Suclg2",1,-1,0,-1,1,0
"Sult1a1",-1,0,1,1,-1,0
"Sult1b1",-1,-1,-1,-1,-1,-1
"Sult1c1",-1,-1,-1,-1,-1,-1
"Sult1c2",-1,-1,-1,-1,-1,-1
"Sult1e1",-1,-1,-1,-1,-1,-1
"Sult2a1",-1,-1,-1,-1,-1,-1
"Sult2b1",-1,1,1,0,0,-1
"Sult3a1",-1,-1,-1,-1,-1,-1
"Sult4a1",-1,-1,0,-1,-1,1
"Suox",0,-1,0,-1,1,1
"Suv39h1",-1,0,1,0,-1,1
"Suv39h2",0,1,0,-1,1,-1
"Syce2",-1,1,1,0,0,-1
"Synj1",0,-1,1,0,-1,1
"Synj2",-1,0,0,-1,1,1
"Syvn1",-1,1,0,0,-1,1
"Taf9",0,1,0,-1,-1,1
"Taldo1",1,-1,-1,0,1,0
"Tarbp1",-1,0,1,-1,0,1
"Tars",-1,0,1,0,-1,1
"Tat",1,0,-1,-1,-1,-1
"Tbcb",-1,1,-1,1,0,0
"Tbl1x",0,1,1,-1,-1,0
"Tbl1xr1",0,-1,1,0,-1,1
"Tbxas1",0,0,1,-1,-1,1
"Tcirg1",0,1,-1,1,-1,0
"Tdh",-1,-1,-1,-1,-1,0
"Tdo2",1,0,1,0,-1,-1
"Tecr",0,-1,-1,1,0,1
"Tecrl",1,0,0,-1,0,-1
"Tent2",-1,0,1,0,-1,1
"Tent4a",-1,0,1,-1,0,1
"Tfb1m",-1,0,1,-1,1,0
"Tfb2m",1,-1,0,-1,1,0
"Tfrc",1,0,0,-1,1,-1
"Tgds",1,-1,0,1,0,-1
"Tgm1",0,1,0,1,-1,-1
"Tgm2",-1,0,0,1,-1,1
"Tgm3",0,-1,-1,1,0,1
"Tgm4",0,1,-1,0,1,-1
"Tgm5",-1,-1,0,0,1,-1
"Tgm6",-1,-1,-1,-1,-1,-1
"Tgm7",-1,-1,-1,-1,-1,-1
"Tgs1",-1,0,1,1,-1,0
"Th",1,-1,0,-1,1,0
"Tha1",1,0,-1,-1,1,0
"Thnsl1",1,0,1,-1,-1,0
"Thop1",0,1,-1,0,-1,1
"Thtpa",0,0,1,-1,-1,1
"Tiam2",1,1,0,-1,0,-1
"Ticrr",-1,1,0,0,-1,0
"Tigar",1,-1,0,-1,1,0
"Tiparp",-1,-1,1,1,0,0
"Tk1",-1,1,-1,1,0,0
"Tk2",-1,0,0,1,-1,1
"Tkfc",-1,0,-1,1,0,1
"Tkt",0,-1,-1,1,0,1
"Tktl1",-1,1,-1,-1,-1,-1
"Tktl2",-1,-1,-1,-1,-1,-1
"Tm7sf2",0,0,-1,-1,1,1
"Tmem54",1,0,1,-1,0,-1
"Tmem91",1,0,-1,-1,0,-1
"Tmlhe",0,0,0,0,0,0
"Tmppe",1,0,1,-1,-1,0
"Tmx3",0,1,1,0,-1,-1
"Tnfrsf21",0,1,0,-1,-1,1
"Tnks",0,0,1,-1,-1,1
"Tnks2",-1,1,1,0,-1,0
"Tnni3k",-1,-1,0,-1,-1,-1
"Tnrc6b",-1,1,1,0,-1,0
"Tns2",-1,-1,1,0,0,1
"Tomt",-1,1,-1,0,0,1
"Topors",0,1,1,0,-1,-1
"Tph1",-1,0,1,0,-1,1
"Tph2",1,0,0,-1,-1,1
"Tpi1",-1,0,0,-1,1,1
"Tpk1",0,1,1,0,-1,-1
"Tpmt",-1,-1,1,1,0,0
"Tpo",-1,-1,-1,-1,-1,-1
"Tpp1",-1,0,1,0,-1,1
"Tpr",0,1,1,0,-1,-1
"Tpsab1",0,-1,1,0,-1,1
"Tpsb2",0,-1,1,0,-1,1
"Tpst1",-1,1,1,0,-1,0
"Tpst2",-1,0,-1,1,0,1
"Tpte",-1,-1,0,1,0,1
"Traf7",-1,1,0,0,-1,1
"Trdmt1",-1,-1,1,0,0,1
"Treh",-1,-1,-1,-1,-1,-1
"Trex1",-1,0,-1,1,0,1
"Trex2",-1,-1,-1,1,-1,0
"Trhde",-1,0,1,1,-1,0
"Trib3",-1,0,0,1,-1,1
"Trim12c",0,1,0,1,-1,-1
"Trim32",-1,1,0,0,-1,1
"Trim33",0,1,1,0,-1,-1
"Trim63",1,0,-1,0,-1,1
"Trim65",-1,1,1,-1,0,0
"Trip12",-1,1,1,0,-1,0
"Trit1",0,-1,1,-1,1,0
"Trmt1",-1,1,-1,0,0,1
"Trmt10a",0,0,1,1,-1,-1
"Trmt10b",-1,1,1,0,-1,0
"Trmt10c",0,-1,1,1,0,-1
"Trmt11",-1,0,1,1,0,-1
"Trmt12",0,-1,0,1,-1,1
"Trmt13",-1,1,1,0,0,-1
"Trmt1l",-1,1,1,0,0,-1
"Trmt9b",1,0,0,1,-1,-1
"Trmu",1,0,-1,0,1,-1
"Trnt1",0,0,1,1,-1,-1
"Trpm2",0,0,0,-1,-1,1
"Tst",1,0,-1,0,1,-1
"Ttc3",0,1,1,0,-1,-1
"Ttl",1,-1,0,1,-1,0
"Ttll10",0,1,1,0,-1,-1
"Tufm",1,-1,0,-1,1,0
"Tusc3",-1,0,1,0,-1,1
"Tut1",-1,0,1,1,-1,0
"Tut4",0,0,1,-1,-1,1
"Tut7",-1,1,1,0,-1,0
"Txn1",-1,0,-1,1,0,1
"Txn2",1,-1,-1,0,1,0
"Txnrd1",1,-1,1,-1,0,0
"Txnrd2",1,-1,-1,0,1,0
"Txnrd3",-1,-1,1,0,0,1
"Tymp",0,1,-1,-1,1,0
"Tyms",1,0,1,-1,-1,0
"Tyr",-1,-1,-1,-1,-1,-1
"Tyrp1",-1,-1,0,-1,-1,1
"Tyw3",1,1,0,-1,-1,0
"Uap1",0,-1,1,0,-1,1
"Uap1l1",0,1,-1,0,-1,1
"Uba1",0,0,1,-1,-1,1
"Uba2",0,1,1,-1,-1,0
"Uba3",1,-1,1,0,0,-1
"Uba6",-1,1,1,0,-1,0
"Uba7",-1,1,0,0,-1,1
"Ubac2",0,0,-1,-1,1,1
"Ube2a",1,1,0,-1,0,-1
"Ube2b",0,0,1,-1,1,-1
"Ube2c",-1,1,0,-1,1,0
"Ube2d1",-1,-1,1,0,0,1
"Ube2d2a",-1,0,1,1,-1,0
"Ube2d3",1,0,1,-1,0,-1
"Ube2dnl1",-1,-1,-1,-1,-1,-1
"Ube2dnl2",-1,-1,-1,-1,-1,-1
"Ube2e1",0,1,1,0,-1,-1
"Ube2e2",-1,0,1,0,-1,1
"Ube2e3",-1,1,-1,1,0,0
"Ube2f",1,0,1,-1,0,-1
"Ube2g1",0,-1,1,-1,1,0
"Ube2g2",-1,0,-1,1,0,1
"Ube2h",0,1,1,-1,-1,0
"Ube2i",-1,1,0,0,-1,1
"Ube2j1",0,1,1,-1,-1,0
"Ube2j2",-1,0,-1,0,1,1
"Ube2k",-1,0,1,1,0,-1
"Ube2l6",-1,-1,1,0,0,1
"Ube2m",0,-1,-1,0,1,1
"Ube2n",-1,0,1,0,-1,1
"Ube2o",-1,1,0,-1,0,1
"Ube2q1",-1,1,0,-1,0,1
"Ube2q2",0,-1,1,1,0,-1
"Ube2ql1",1,-1,-1,0,1,0
"Ube2r2",-1,1,0,1,-1,0
"Ube2s",-1,1,-1,1,0,0
"Ube2t",0,-1,1,-1,0,1
"Ube2u",-1,-1,-1,-1,-1,-1
"Ube2w",-1,-1,1,0,1,0
"Ube2z",-1,1,1,0,-1,0
"Ube3a",1,0,1,0,-1,-1
"Ube3b",0,-1,0,-1,1,1
"Ube3c",-1,-1,1,0,0,1
"Ube4a",0,1,1,-1,-1,0
"Ube4b",0,1,1,-1,-1,0
"Ubiad1",0,-1,-1,0,1,1
"Ubr1",-1,0,1,0,-1,1
"Ubr2",0,0,1,-1,-1,1
"Ubr3",0,-1,1,-1,0,1
"Ubr4",-1,0,1,-1,0,1
"Ubr5",-1,0,1,0,-1,1
"Ubr7",0,1,1,-1,-1,0
"Uck1",0,-1,-1,1,1,0
"Uck2",-1,0,0,-1,1,1
"Uckl1",0,-1,-1,0,1,1
"Ucp1",1,-1,0,-1,1,0
"Ucp2",0,1,0,-1,-1,1
"Ucp3",1,0,0,-1,1,-1
"Uevld",-1,-1,1,0,0,1
"Ugcg",-1,0,1,1,-1,0
"Ugdh",0,-1,1,0,-1,1
"Uggt1",0,1,1,-1,-1,0
"Uggt2",-1,-1,1,0,0,1
"Ugp2",1,0,1,-1,0,-1
"Ugt1a1",-1,0,0,-1,1,0
"Ugt1a2",-1,-1,1,-1,-1,-1
"Ugt1a5",-1,-1,-1,-1,-1,-1
"Ugt1a6b",-1,-1,1,1,0,0
"Ugt1a7c",0,1,0,-1,-1,1
"Ugt1a9",-1,1,0,0,-1,1
"Ugt2a1",-1,-1,-1,-1,-1,-1
"Ugt2a3",-1,-1,-1,-1,-1,-1
"Ugt2b1",-1,-1,1,-1,-1,-1
"Ugt3a1",-1,-1,-1,-1,-1,-1
"Ugt3a2",-1,0,1,-1,0,1
"Ugt8a",-1,-1,1,1,0,0
"Uhrf1",0,0,1,-1,-1,1
"Uhrf2",-1,1,1,0,-1,0
"Umps",0,0,1,-1,-1,1
"Uox",-1,-1,0,-1,-1,-1
"Upb1",0,-1,0,1,-1,1
"Upp1",0,1,-1,-1,0,1
"Upp2",0,0,-1,1,0,-1
"Uprt",0,1,1,-1,-1,0
"Uqcr10",1,-1,-1,0,1,0
"Uqcr11",1,-1,-1,0,1,0
"Uqcrb",1,-1,-1,0,1,0
"Uqcrc1",1,0,-1,-1,1,0
"Uqcrc2",1,-1,0,-1,1,0
"Uqcrfs1",1,-1,-1,0,1,0
"Uqcrh",1,-1,-1,0,1,0
"Uqcrq",1,-1,-1,0,1,0
"Urad",-1,-1,-1,-1,-1,-1
"Urah",1,1,0,0,-1,-1
"Uroc1",-1,-1,0,1,-1,-1
"Urod",0,-1,-1,0,1,1
"Uros",-1,-1,0,1,1,0
"Usp1",-1,0,1,1,-1,0
"Usp10",1,0,1,-1,-1,0
"Usp11",-1,0,1,-1,0,1
"Usp12",1,-1,1,0,-1,0
"Usp13",0,-1,1,-1,1,0
"Usp14",0,1,1,-1,0,-1
"Usp15",0,-1,1,0,1,-1
"Usp16",0,-1,1,1,0,-1
"Usp17la",-1,-1,-1,-1,-1,-1
"Usp17lb",-1,-1,-1,-1,-1,-1
"Usp17ld",-1,-1,-1,-1,-1,-1
"Usp18",-1,-1,1,0,0,1
"Usp19",-1,0,1,-1,0,1
"Usp2",0,-1,0,-1,1,1
"Usp20",1,1,-1,-1,0,0
"Usp21",-1,1,0,-1,0,1
"Usp22",-1,1,0,0,-1,1
"Usp24",1,0,1,-1,-1,0
"Usp25",0,1,1,-1,-1,0
"Usp26",-1,-1,-1,-1,-1,-1
"Usp27x",0,0,1,1,-1,-1
"Usp28",-1,0,1,-1,1,0
"Usp29",-1,-1,-1,-1,-1,0
"Usp3",-1,1,0,0,-1,1
"Usp30",0,1,0,-1,-1,1
"Usp31",-1,0,1,-1,0,1
"Usp32",0,1,1,0,-1,-1
"Usp33",0,0,1,1,-1,-1
"Usp34",-1,0,1,1,-1,0
"Usp35",0,1,-1,1,-1,0
"Usp36",-1,1,-1,0,0,1
"Usp37",-1,1,1,0,-1,0
"Usp38",0,0,1,1,-1,-1
"Usp4",-1,0,1,-1,0,1
"Usp40",1,0,1,0,-1,-1
"Usp42",-1,1,1,-1,0,0
"Usp43",1,1,0,-1,-1,0
"Usp44",-1,-1,-1,-1,1,-1
"Usp45",0,0,1,1,-1,-1
"Usp46",0,0,1,-1,-1,1
"Usp47",0,1,1,-1,-1,0
"Usp48",-1,1,1,0,-1,0
"Usp49",0,1,1,-1,-1,0
"Usp5",-1,0,1,0,-1,1
"Usp51",-1,1,-1,-1,-1,-1
"Usp7",0,1,1,-1,-1,0
"Usp8",1,0,1,-1,-1,0
"Usp9x",0,0,1,-1,-1,1
"Usp9y",-1,-1,-1,-1,-1,-1
"Ust",0,-1,0,1,-1,1
"Uxs1",0,-1,1,1,-1,0
"Vapa",0,1,-1,1,0,-1
"Vapb",0,-1,-1,0,1,1
"Vars",-1,1,-1,0,0,1
"Vcpkmt",-1,0,-1,1,1,0
"Vkorc1",-1,0,-1,1,0,1
"Vnn1",-1,0,1,1,-1,0
"Vps29",-1,-1,1,0,1,0
"Wars",-1,0,1,0,-1,1
"Wdyhv1",1,1,-1,-1,0,0
"Wwox",0,1,-1,0,-1,1
"Wwp1",1,0,1,0,-1,-1
"Wwp2",-1,1,0,0,-1,1
"Xdh",1,1,0,-1,-1,0
"Xpo6",-1,0,1,0,-1,1
"Xpo7",1,0,1,-1,-1,0
"Xylb",0,1,1,-1,-1,0
"Xylt1",0,0,1,-1,-1,1
"Xylt2",-1,0,0,1,-1,1
"Yars",-1,0,0,1,-1,1
"Ykt6",0,1,-1,0,-1,1
"Zc3hav1",-1,1,1,0,-1,0
"Zdhhc1",-1,1,-1,0,0,1
"Zdhhc11",-1,-1,-1,-1,-1,-1
"Zdhhc12",-1,1,-1,1,0,0
"Zdhhc13",-1,1,1,0,-1,0
"Zdhhc14",-1,1,1,-1,0,0
"Zdhhc15",0,-1,1,0,-1,1
"Zdhhc16",-1,1,0,1,-1,0
"Zdhhc17",0,-1,1,1,0,-1
"Zdhhc18",-1,1,0,-1,1,0
"Zdhhc19",-1,-1,-1,-1,0,-1
"Zdhhc2",-1,-1,1,1,0,0
"Zdhhc20",0,1,1,0,-1,-1
"Zdhhc21",0,1,1,0,-1,-1
"Zdhhc22",-1,-1,-1,-1,-1,-1
"Zdhhc23",1,-1,0,-1,1,0
"Zdhhc24",-1,1,0,0,-1,1
"Zdhhc3",0,0,1,-1,-1,1
"Zdhhc4",-1,0,-1,1,0,1
"Zdhhc5",-1,-1,1,0,0,1
"Zdhhc6",-1,1,1,0,-1,0
"Zdhhc7",-1,0,-1,0,1,1
"Zdhhc8",-1,1,0,0,-1,1
"Zdhhc9",1,1,0,-1,-1,0
"Zmpste24",-1,1,1,0,-1,0
"Znrf1",-1,0,-1,1,1,0
"Znrf2",-1,0,1,1,-1,0
"Zswim2",-1,-1,-1,-1,-1,-1
"mt-Atp6",1,-1,0,0,1,-1
"mt-Atp8",1,-1,0,0,1,-1
"mt-Co1",1,-1,0,0,1,-1
"mt-Co2",1,-1,0,0,1,-1
"mt-Co3",1,-1,0,0,1,-1
"mt-Cytb",1,-1,0,0,1,-1
"mt-Nd1",1,-1,0,0,1,-1
"mt-Nd2",1,-1,0,0,1,-1
"mt-Nd3",1,0,-1,0,1,-1
"mt-Nd4",1,-1,0,0,1,-1
"mt-Nd4l",1,-1,1,0,0,-1
"mt-Nd5",0,-1,1,1,0,-1
"mt-Nd6",0,0,-1,1,1,-1
