"","metabolite","inner_comparison","var_1_mean","var_2_mean","t_welch_statistic","pval","sign_t_log_pval","RECON3D","equation","name","subsystem","compartments","geneAssociation","references","sig"
"2","MAR00010","ALL","0.216946551526026","0.140136242958771","-2.57989505853981","0.013465562399553",-1.87077550323117,"HMR_0010","1-acylglycerol-VLDL pool[c] + H2O[c] => glycerol[c] + fatty acid-VLDL pool[c]","1-acylglycerol acylhydrolase","Pool reactions","cytosol","MGLL or ABHD12 or ABHD6",NA,"down"
"4","MAR00083","ALL","0.00371404305892971","0.00515353044972442","2.27482909008175","0.0281616449547553",1.55034198113829,"BAAT1x","choloyl-CoA[x] + glycine[x] => CoA[x] + glycocholate[x]","Bile Acid Coenzyme A: Amino Acid N-Acyltransferase","Bile acid biosynthesis","peroxizome","BAAT",NA,"up"
"9","MAR00156","ALL","62.4253426888382","24.4900548890078","-2.6757045317917","0.0110891923490165",-1.95510008334934,"HMR_0156","AMP[c] + butyryl-CoA[c] + PPi[c] <=> ATP[c] + butyrate[c] + CoA[c]","Butanoate:CoA ligase (AMP-forming)","Fatty acid activation (cytosolic)","cytosol","ACSM3 or ACSM2B or ACSM1 or ACSM5 or ACSM2A or ACSM4",NA,"down"
"10","MAR00171","ALL","0.412392720205818","0.153329048456662","-2.07073561288032","0.0448563362628985",-1.3481762012342,"HMR_0171","AMP[c] + heptanoyl-CoA[c] + PPi[c] <=> ATP[c] + CoA[c] + heptylic acid[c]",NA,"Fatty acid activation (cytosolic)","cytosol","ACSM3 or ACSM2B or ACSM1 or ACSM5 or ACSM2A or ACSM4",NA,"down"
"11","MAR00188","ALL","-0.272472044964947","0.344876152967152","2.18135226889531","0.0345447918760977",1.46161741948999,"HMR_0188","AMP[c] + lauroyl-CoA[c] + PPi[c] <=> ATP[c] + CoA[c] + lauric acid[c]",NA,"Fatty acid activation (cytosolic)","cytosol","ACSL4 or ACSBG1 or ACSL3 or ACSBG2 or SLC27A2 or ACSL1 or ACSL6 or ACSL5 or MEIKIN",NA,"up"
"13","MAR00263","ALL","0.739585085536125","0.957546112315351","2.10998598689711","0.0430089591675004",1.36644106740361,"FACOAL181i","ATP[c] + CoA[c] + oleate[c] => AMP[c] + oleoyl-CoA[c] + PPi[c]",NA,"Fatty acid activation (cytosolic)","cytosol","ACSL4 or ACSBG1 or ACSL3 or ACSBG2 or SLC27A2 or ACSL1 or ACSL6 or ACSL5 or MEIKIN","PMID:8584017","up"
"15","MAR00341","ALL","0.114737977948484","0.750587919721873","2.72853933731815","0.0093806166325214",2.0277686124419,"FACOAL260","AMP[c] + hexacosanoyl-CoA[c] + PPi[c] <=> ATP[c] + cerotic acid[c] + CoA[c]",NA,"Fatty acid activation (cytosolic)","cytosol","ACSL4 or ACSBG1 or ACSL3 or ACSBG2 or SLC27A2 or ACSL1 or ACSL6 or ACSL5 or MEIKIN",NA,"up"
"16","MAR00345","ALL","0.102405212435131","0.663631346537265","2.27271732604656","0.0281750418086373",1.55013543083653,"HMR_0345","AMP[c] + hexacosenoyl-CoA[c] + PPi[c] <=> ATP[c] + CoA[c] + ximenic acid[c]",NA,"Fatty acid activation (cytosolic)","cytosol","ACSL4 or ACSBG1 or ACSL3 or ACSBG2 or SLC27A2 or ACSL1 or ACSL6 or ACSL5 or MEIKIN",NA,"up"
"17","MAR00361","ALL","172.508034630576","-27.1710293518105","-2.56866726247929","0.0136828265540774",-1.86382417819795,"FACOAL205","(5Z,8Z,11Z,14Z,17Z)-eicosapentaenoyl-CoA[c] + AMP[c] + PPi[c] <=> ATP[c] + CoA[c] + EPA[c]",NA,"Fatty acid activation (cytosolic)","cytosol","ACSL4 or ACSBG1 or ACSL3 or ACSBG2 or SLC27A2 or ACSL1 or ACSL6 or ACSL5 or MEIKIN","PMID:10479480;PMID:9784915;PMID:10479480;PMID:9784915","down"
"18","MAR00369","ALL","-0.288653722972255","-0.837546297701031","-2.59211277735349","0.0135774049534839",-1.86718322873581,"FACOAL245_2","(9Z,12Z,15Z,18Z,21Z)-TPA[c] + ATP[c] + CoA[c] <=> (9Z,12Z,15Z,18Z,21Z)-tetracosapentaenoyl-CoA[c] + AMP[c] + PPi[c]",NA,"Fatty acid activation (cytosolic)","cytosol","ACSL4 or ACSBG1 or ACSL3 or ACSBG2 or SLC27A2 or ACSL1 or ACSL6 or ACSL5 or MEIKIN",NA,"down"
"19","MAR00393","ALL","-0.276316263907785","-0.924502729758465","-3.27573641069138","0.00271189060763731",-2.56672783304158,"HMR_0393","12,15,18,21-tetracosatetraenoic acid[c] + ATP[c] + CoA[c] <=> 12,15,18,21-tetracosatetraenoyl-CoA[c] + AMP[c] + PPi[c]",NA,"Fatty acid activation (cytosolic)","cytosol","ACSL4 or ACSBG1 or ACSL3 or ACSBG2 or SLC27A2 or ACSL1 or ACSL6 or ACSL5 or MEIKIN",NA,"down"
"20","MAR00397","ALL","4.97805976144087","192.636040711585","2.34473903548418","0.024870916303823",1.60430821399169,"FACOAL1821","AMP[c] + linoleoyl-CoA[c] + PPi[c] <=> ATP[c] + CoA[c] + linoleate[c]",NA,"Fatty acid activation (cytosolic)","cytosol","ACSL4 or ACSBG1 or ACSL3 or ACSBG2 or SLC27A2 or ACSL1 or ACSL6 or ACSL5 or MEIKIN","PMID:8584017","up"
"21","MAR00425","ALL","-1.0421624669396","-0.393011928463745","2.20275814771429","0.03362793692194",1.47329977588789,"FACOAL2251","(4Z,7Z,10Z,13Z,16Z)-DPA[c] + ATP[c] + CoA[c] <=> (4Z,7Z,10Z,13Z,16Z)-docosapentaenoyl-CoA[c] + AMP[c] + PPi[c]",NA,"Fatty acid activation (cytosolic)","cytosol","ACSL4 or ACSBG1 or ACSL3 or ACSBG2 or SLC27A2 or ACSL1 or ACSL6 or ACSL5 or MEIKIN",NA,"up"
"22","MAR00429","ALL","0.494056599712824","-0.112086549734719","-2.34073909318268","0.0241600979961859",-1.61690130849807,"HMR_0429","(11Z,14Z)-eicosadienoic acid[c] + ATP[c] + CoA[c] <=> (11Z,14Z)-eicosadienoyl-CoA[c] + AMP[c] + PPi[c]",NA,"Fatty acid activation (cytosolic)","cytosol","ACSL4 or ACSBG1 or ACSL3 or ACSBG2 or SLC27A2 or ACSL1 or ACSL6 or ACSL5 or MEIKIN",NA,"down"
"79","MAR00574","ALL","17.224883744796","32.2236764409296","2.45607898244816","0.0183473371515269",1.73642695835007,"EX_dag_hs[e]","1,2-diacylglycerol-LD-TAG pool[e] <=> ","Exchange of Diglyceride","Exchange/demand reactions","extracellular",NA,NA,"up"
"85","MAR00689","ALL","1.14551292398343e-12","3.83408455017911e-13","-2.20191601720222","0.0343650351519669",-1.46388320751522,"HMR_0689","(10Z)-heptadecenoic acid[c] + (11Z,14Z)-eicosadienoic acid[c] + (11Z,14Z,17Z)-eicosatrienoic acid[c] + (13Z)-eicosenoic acid[c] + (13Z)-octadecenoic acid[c] + (13Z,16Z)-docosadienoic acid[c] + (6Z,9Z)-octadecadienoic acid[c] + (6Z,9Z,12Z,15Z,18Z)-TPA[c] + (6Z,9Z,12Z,15Z,18Z,21Z)-THA[c] + (7Z)-octadecenoic acid[c] + (7Z)-tetradecenoic acid[c] + (9E)-tetradecenoic acid[c] + (9Z,12Z,15Z,18Z)-TTA[c] + (9Z,12Z,15Z,18Z,21Z)-TPA[c] + 10,13,16,19-docosatetraenoic acid[c] + 10,13,16-docosatriynoic acid[c] + 12,15,18,21-tetracosatetraenoic acid[c] + 13,16,19-docosatrienoic acid[c] + 7-palmitoleic acid[c] + 8,11-eicosadienoic acid[c] + 9-eicosenoic acid[c] + 9-heptadecylenic acid[c] + adrenic acid[c] + behenic acid[c] + cerotic acid[c] + cis-cetoleic acid[c] + cis-erucic acid[c] + cis-gondoic acid[c] + eicosanoate[c] + elaidate[c] + fatty acid-LD-PE pool (liver tissue)[c] + henicosanoic acid[c] + lauric acid[c] + lignocerate[c] + margaric acid[c] + mead acid[c] + nervonic acid[c] + nonadecylic acid[c] + pentadecylic acid[c] + physeteric acid[c] + tricosanoic acid[c] + tridecylic acid[c] + ximenic acid[c] => (4Z,7Z,10Z,13Z,16Z)-DPA[c] + arachidonate[c] + cis-vaccenic acid[c] + DHA[c] + dihomo-gamma-linolenate[c] + DPA[c] + EPA[c] + gamma-linolenate[c] + linoleate[c] + linolenate[c] + myristic acid[c] + oleate[c] + omega-3-arachidonic acid[c] + palmitate[c] + palmitolate[c] + stearate[c] + stearidonic acid[c]",NA,"Pool reactions","cytosol",NA,"PMID:16137923","down"
"86","MAR00690","ALL","1.87236174312411e-12","9.39330174105921e-13","-2.19898690971367","0.0350389164767766",-1.45544933216813,"HMR_0690","(10Z)-heptadecenoic acid[c] + (11Z,14Z)-eicosadienoic acid[c] + (11Z,14Z,17Z)-eicosatrienoic acid[c] + (13Z)-eicosenoic acid[c] + (13Z)-octadecenoic acid[c] + (13Z,16Z)-docosadienoic acid[c] + (6Z,9Z)-octadecadienoic acid[c] + (6Z,9Z,12Z,15Z,18Z)-TPA[c] + (6Z,9Z,12Z,15Z,18Z,21Z)-THA[c] + (7Z)-octadecenoic acid[c] + (7Z)-tetradecenoic acid[c] + (9E)-tetradecenoic acid[c] + (9Z,12Z,15Z,18Z)-TTA[c] + (9Z,12Z,15Z,18Z,21Z)-TPA[c] + 10,13,16,19-docosatetraenoic acid[c] + 10,13,16-docosatriynoic acid[c] + 12,15,18,21-tetracosatetraenoic acid[c] + 13,16,19-docosatrienoic acid[c] + 7-palmitoleic acid[c] + 8,11-eicosadienoic acid[c] + 9-eicosenoic acid[c] + 9-heptadecylenic acid[c] + behenic acid[c] + cerotic acid[c] + cis-cetoleic acid[c] + cis-erucic acid[c] + cis-gondoic acid[c] + eicosanoate[c] + elaidate[c] + fatty acid-LD-PS pool (liver tissue)[c] + henicosanoic acid[c] + lauric acid[c] + lignocerate[c] + margaric acid[c] + mead acid[c] + nervonic acid[c] + nonadecylic acid[c] + pentadecylic acid[c] + physeteric acid[c] + tricosanoic acid[c] + tridecylic acid[c] + ximenic acid[c] => (4Z,7Z,10Z,13Z,16Z)-DPA[c] + adrenic acid[c] + arachidonate[c] + cis-vaccenic acid[c] + DHA[c] + dihomo-gamma-linolenate[c] + DPA[c] + EPA[c] + gamma-linolenate[c] + linoleate[c] + linolenate[c] + myristic acid[c] + oleate[c] + omega-3-arachidonic acid[c] + palmitate[c] + palmitolate[c] + stearate[c] + stearidonic acid[c]",NA,"Pool reactions","cytosol",NA,"PMID:16137923","down"
"87","MAR00691","ALL","6.81067854336552e-13","1.62851810720053e-13","-2.2716964445651","0.0283428553480416",-1.54755639969786,"HMR_0691","(10Z)-heptadecenoic acid[c] + (11Z,14Z)-eicosadienoic acid[c] + (11Z,14Z,17Z)-eicosatrienoic acid[c] + (13Z)-eicosenoic acid[c] + (13Z)-octadecenoic acid[c] + (13Z,16Z)-docosadienoic acid[c] + (6Z,9Z)-octadecadienoic acid[c] + (6Z,9Z,12Z,15Z,18Z)-TPA[c] + (6Z,9Z,12Z,15Z,18Z,21Z)-THA[c] + (7Z)-octadecenoic acid[c] + (7Z)-tetradecenoic acid[c] + (9E)-tetradecenoic acid[c] + (9Z,12Z,15Z,18Z)-TTA[c] + (9Z,12Z,15Z,18Z,21Z)-TPA[c] + 10,13,16,19-docosatetraenoic acid[c] + 10,13,16-docosatriynoic acid[c] + 12,15,18,21-tetracosatetraenoic acid[c] + 13,16,19-docosatrienoic acid[c] + 7-palmitoleic acid[c] + 8,11-eicosadienoic acid[c] + 9-eicosenoic acid[c] + 9-heptadecylenic acid[c] + behenic acid[c] + cerotic acid[c] + cis-cetoleic acid[c] + cis-erucic acid[c] + cis-gondoic acid[c] + eicosanoate[c] + elaidate[c] + fatty acid-LD-PI pool (liver tissue)[c] + henicosanoic acid[c] + lauric acid[c] + lignocerate[c] + margaric acid[c] + mead acid[c] + nervonic acid[c] + nonadecylic acid[c] + pentadecylic acid[c] + physeteric acid[c] + tricosanoic acid[c] + tridecylic acid[c] + ximenic acid[c] => (4Z,7Z,10Z,13Z,16Z)-DPA[c] + adrenic acid[c] + arachidonate[c] + cis-vaccenic acid[c] + DHA[c] + dihomo-gamma-linolenate[c] + DPA[c] + EPA[c] + gamma-linolenate[c] + linoleate[c] + linolenate[c] + myristic acid[c] + oleate[c] + omega-3-arachidonic acid[c] + palmitate[c] + palmitolate[c] + stearate[c] + stearidonic acid[c]",NA,"Pool reactions","cytosol",NA,"PMID:16137923","down"
"88","MAR00742","ALL","62.4257825912587","24.4893504872656","-2.675791470857","0.0110867429118882",-1.95519602311652,"FACOAL40im","ATP[m] + CoA[m] + butyrate[m] => AMP[m] + butyryl-CoA[m] + PPi[m]","Fatty-Acid- Coenzyme A Ligase (Butanoate), Mitochondrial","Fatty acid oxidation","mitochondria","ACSM1","PMID:11470804;PMID:3297476","down"
"89","MAR00856","ALL","1.23065981161402e-12","5.04811164024584e-13","-2.10126935743186","0.0418711582745383",-1.3780850251302,"HMR_0856","GT3[c] + UDP-N-acetyl-D-galactosamine[c] => GT2[c] + H+[c] + UDP[c]",NA,"Glycosphingolipid biosynthesis-ganglio series","cytosol","B4GALNT1",NA,"down"
"90","MAR00857","ALL","3.9672548687554e-12","2.86627220316176e-12","-2.11778916039275","0.0398919987878133",-1.39911420282853,"HMR_0857","GT2[c] + UDP-galactose[c] => GT1c[c] + H+[c] + UDP[c]",NA,"Glycosphingolipid biosynthesis-ganglio series","cytosol","B3GALT4",NA,"down"
"91","MAR00875","ALL","2.26842843518248","1.14026364967918","-2.08127240211314","0.0461428406757014",-1.33589567267131,"HMR_0875","lc3Cer[c] + UDP-galactose[c] => H+[c] + paragloboside[c] + UDP[c]",NA,"Glycosphingolipid biosynthesis-lacto and neolacto series","cytosol","B4GALT1 or B4GALT2 or B4GALT4 or B4GALT3",NA,"down"
"92","MAR00888","ALL","8.19397680282579e-13","3.68019368993778e-13","-2.05036729358526","0.0463678633327145",-1.33378291627136,"HMR_0888","GDP-L-fucose[c] + paragloboside[c] => GDP[c] + H+[c] + III3Fuc-nLc4Cer[c]",NA,"Glycosphingolipid biosynthesis-lacto and neolacto series","cytosol","FUT5 or FUT6 or FUT3 or FUT9 or FUT4",NA,"down"
"93","MAR00906","ALL","0.430881395185984","0.0439633772258832","-3.63130986638539","0.00101706504992838",-2.99265126937668,"HMR_0906","nLc6Cer[c] + UDP-N-acetylglucosamine[c] => G00077[c] + H+[c] + UDP[c]",NA,"Glycosphingolipid biosynthesis-lacto and neolacto series","cytosol","GCNT2",NA,"down"
"94","MAR00907","ALL","0.292051020109486","0.043963380548117","-3.09685024548999","0.00366672639975627",-2.43572149459601,"HMR_0907","G00077[c] + UDP-galactose[c] => H+[c] + iso-nLc8Cer[c] + UDP[c]",NA,"Glycosphingolipid biosynthesis-lacto and neolacto series","cytosol",NA,NA,"down"
"95","MAR00908","ALL","0.496268222341775","0.118016276786314","-2.83799497862467","0.0075202639487594",-2.12376691612671,"HMR_0908","GDP-L-fucose[c] + iso-nLc8Cer[c] => GDP[c] + H+[c] + monofucosyllactoisooctaosylceramide[c]",NA,"Glycosphingolipid biosynthesis-lacto and neolacto series","cytosol","FUT1 or FUT2",NA,"down"
"96","MAR00909","ALL","0.496268222341886","0.11801627678629","-2.83799497862613","0.00752026394873166",-2.12376691612831,"HMR_0909","GDP-L-fucose[c] + monofucosyllactoisooctaosylceramide[c] => G00079[c] + GDP[c] + H+[c]",NA,"Glycosphingolipid biosynthesis-lacto and neolacto series","cytosol","FUT1 or FUT2",NA,"down"
"97","MAR00965","ALL","1.1171737602605","2.78276752690618","2.21833882747434","0.0360472418812661",1.44312795928217,"FAOXC2252053m","(4Z,7Z,10Z,13Z,16Z)-docosapentaenoyl-CoA[m] + CoA[m] + H2O[m] + NAD+[m] + O2[m] => (5Z,8Z,11Z,14Z,17Z)-eicosapentaenoyl-CoA[m] + acetyl-CoA[m] + H+[m] + H2O2[m] + NADH[m]","Beta Oxidation of Long Chain Fatty Acid","Fatty acid oxidation","mitochondria","ACADM or ACADS",NA,"up"
"100","MAR01310","ALL","-249.642391847455","-499.524429437514","-2.61774663745204","0.0136167199206982",-1.86592749535281,"RE2958C","6-oxo-prostaglandin F1alpha[r] <=> H2O[r] + prostaglandin I2[r]",NA,"Prostaglandin biosynthesis","endoplasmic reticulum",NA,"PMID:10534257","down"
"101","MAR01315","ALL","197.084516571529","-4.9983684837231","-2.52636451302932","0.0160430761247775",-1.79471235575695,"HMR_1315","H2O[r] + thromboxane A2[r] <=> thromboxane B2[r]",NA,"Prostaglandin biosynthesis","endoplasmic reticulum",NA,NA,"down"
"103","MAR01318","ALL","246.488828991023","497.089630744443","2.62460729339507","0.0134049130053073",1.87273600013971,"HMR_1318","6-oxo-prostaglandin F1alpha[c] <=> H2O[c] + prostaglandin I2[c]",NA,"Prostaglandin biosynthesis","cytosol",NA,NA,"up"
"106","MAR01351","ALL","7.89293844463618","1.1446394665618","-2.3706653123627","0.0265559721819453",-1.57583779495937,"GALGT1","UDP-N-acetyl-D-galactosamine[g] + Galactosyl Glucosyl Ceramide[g] => GA2[g] + H+[g] + UDP[g]","Beta-1, 4 N-Acetylgalactosaminyltransferase","Sphingolipid metabolism","golgi apparatus","B4GALNT1","PMID:1601877;PMID:8702839","down"
"107","MAR01363","ALL","8.26785944702304e-13","-1.84942070423467e-12","-2.2080864133966","0.0325351145481266",-1.48764765988351,"RE3459C","9,11,15-trihydroxyprosta-(5Z,13E)-dien-1-oate[c] + H2O[c] <=> 9,11-cycloperoxy-15-hydroperoxy-(5Z,13E)-eicosadienoate[c] + H+[c]",NA,"Prostaglandin biosynthesis","cytosol",NA,"PMID:2123555","down"
"108","MAR01474","ALL","2.71678819646843e-15","1.03721834051174e-13","2.10791016773182","0.046583510584311",1.33176778566084,"LCADi_Dm","H2O[m] + NAD+[m] + D-lactaldehyde[m] => D-lactate[m] + H+[m] + NADH[m]","Lactaldehyde Dehydrogenase, Mitochondrial","Pyruvate metabolism","mitochondria","ALDH18A1 or ALDH2 or ALDH5A1 or ALDH6A1 or ALDH1B1 or ALDH4A1","PMID:15987839;PMID:2296157;PMID:6487654","up"
"109","MAR01497","ALL","8.98013972421406e-13","2.59947338234655e-11","2.14425490560398","0.0432616474525747",1.36389694615585,"LNS14DM","H+[c] + lanosterol[c] + NADPH[c] + O2[c] => 4,4-dimethyl-5alpha-cholesta-8,14,24-trien-3beta-ol[c] + formate[c] + H2O[c] + NADP+[c]","Cytochrome P450 Lanosterol 14-Alpha-Demethylase (NADP)","Cholesterol metabolism","cytosol","CYP4F8","PMID:10405341","up"
"111","MAR01609","ALL","7.69155743980118e-12","4.42178304266792e-11","2.47675658824993","0.0200415464025972",1.69806877141736,"MAR01609","5beta-cholestane-3alpha,7alpha,12alpha,26-tetrol[m] + NAD+[m] => 3alpha,7alpha,12alpha-trihydroxy-5beta-cholestan-26-al[m] + H+[m] + NADH[m]",NA,"Bile acid biosynthesis","mitochondria","CYP27A1",NA,"up"
"112","MAR01771","ALL","0.0867405010448963","0.0721272413741747","-2.26266201152556","0.0288178733150676",-1.54033807215527,"HMR_1771","5beta-cholestan-7alpha,27-diol-3-one[c] + H+[c] + NADPH[c] => 5beta-cholestane-3alpha,7alpha,26-triol[c] + NADP+[c]",NA,"Bile acid biosynthesis","cytosol","AKR1C4","PMID:11158055","down"
"113","MAR01814","ALL","250.31147044056","-66.9552256960574","-2.85873305192793","0.00657308970834535",-2.18223044050626,"TTDCRNt","tetradecenoylcarnitine(5)[c] <=> tetradecenoylcarnitine(5)[m]","Transport into the Mitochondria (Carnitine)","Fatty acid oxidation","cytosol, mitochondria","SLC25A20",NA,"down"
"114","MAR01832","ALL","-0.148444714735762","0.315119881735881","2.03507795872556","0.0479609187834317",1.31911250574933,"RE2635C","3alpha,12alpha-dihydroxy-5beta-cholanate[c] + ATP[c] + CoA[c] <=> AMP[c] + deoxycholoyl-CoA[c] + PPi[c]",NA,"Bile acid biosynthesis","cytosol","SLC27A5 or SLC27A2","PMID:6639941","up"
"115","MAR01833","ALL","0.16376566880587","-0.104990351295452","-2.23311242617841","0.0310513746619148",-1.50791916859951,"RE2635R","3alpha,12alpha-dihydroxy-5beta-cholanate[r] + ATP[r] + CoA[r] <=> AMP[r] + deoxycholoyl-CoA[r] + PPi[r]",NA,"Bile acid biosynthesis","endoplasmic reticulum","SLC27A5 or SLC27A2","PMID:6639941","down"
"116","MAR01840","ALL","0.00526113464150184","0.000635082683830752","-2.37507238739967","0.0265579122181804",-1.5758060689035,"RE2636R","H+[r] + lithocholate[r] + NADPH[r] + O2[r] => 3alpha,12alpha-dihydroxy-5beta-cholanate[r] + H2O[r] + NADP+[r]",NA,"Bile acid biosynthesis","endoplasmic reticulum","CYP8B1","PMID:11980911","down"
"117","MAR01868","ALL","0.782608713687723","0.478260890630774","-2.20360066364864","0.0330246851083875",-1.48116131470788,"GCHOLAt3","ATP[c] + glycocholate[c] + H2O[c] => ADP[c] + glycocholate[e] + H+[c] + Pi[c]",NA,"Bile acid recycling","extracellular, cytosol","ABCB11 or ABCC3 or ABCC4 or SLC51A or SLC51B or ABCC11","PMID:12663868;PMID:17404808;PMID:11076396","down"
"118","MAR01870","ALL","0.782608703120281","0.478260878771299","-2.20360064956572","0.0330246861853365",-1.48116130054536,"TCHOLAt3","ATP[c] + H2O[c] + taurocholate[c] => ADP[c] + H+[c] + Pi[c] + taurocholate[e]",NA,"Bile acid recycling","extracellular, cytosol","ABCB11 or ABCC3 or ABCC4 or SLC51A or SLC51B or ABCC11","PMID:12663868;PMID:17404808;PMID:11076396","down"
"119","MAR01872","ALL","0.869565224882509","0.608695662131554","-2.06350779034427","0.0457509605339659",-1.33959978355989,"r1028","ATP[c] + H2O[c] + taurochenodeoxycholate[c] => ADP[c] + H+[c] + Pi[c] + taurochenodeoxycholate[e]",NA,"Bile acid recycling","extracellular, cytosol","ABCB11 or ABCC1 or ABCC3 or ABCC4 or SLC51A or SLC51B","PMID:12663868;PMID:17404808;PMID:11076396","down"
"120","MAR01874","ALL","0.739130452435185","0.434782627731731","-2.15558617954216","0.0367074655293081",-1.43524560036756,"r1026","ATP[c] + glycochenodeoxycholate[c] + H2O[c] => ADP[c] + glycochenodeoxycholate[e] + H+[c] + Pi[c]",NA,"Bile acid recycling","extracellular, cytosol","ABCB11 or ABCC3 or ABCC4 or SLC51A or SLC51B","PMID:12663868;PMID:17404808;PMID:11076396","down"
"121","MAR01881","ALL","183.444654708873","-10.7571243953931","-2.42562783117659","0.0200968855527113",-1.69687124069257,"r2152","cholate[e] + HCO3-[c] + S-glutathionyl-2-4-dinitrobenzene[c] <=> cholate[c] + HCO3-[e] + S-glutathionyl-2-4-dinitrobenzene[e]",NA,"Bile acid recycling","extracellular, cytosol","SLC7A9 or SLCO1A2 or SLCO1B3","PMID:11076394;PMID:11076396;PMID:14579113","down"
"122","MAR01882","ALL","-219.919662715132","-57.5494789160836","2.09710136184004","0.0420262853140308",1.3764789954077,"r2153","cholate[e] + HCO3-[c] + S-glutathionyl-ethacrynic acid[c] <=> cholate[c] + HCO3-[e] + S-glutathionyl-ethacrynic acid[e]",NA,"Bile acid recycling","extracellular, cytosol","SLC7A9 or SLCO1A2 or SLCO1B3","PMID:11076394;PMID:11076396;PMID:14579113","up"
"123","MAR01891","ALL","109.533619543143","-84.2224429707788","-2.753282449025","0.00882590682628648",-2.05424066164333,"r2162","HCO3-[c] + S-glutathionyl-ethacrynic acid[c] + taurocholate[e] <=> HCO3-[e] + S-glutathionyl-ethacrynic acid[e] + taurocholate[c]",NA,"Bile acid recycling","extracellular, cytosol","SLC7A9 or SLCO1A2 or SLCO1B3","PMID:11076394;PMID:11076396;PMID:14579113","down"
"125","MAR02150","ALL","0.736141336591404","0.342334825757938","-2.19662691637921","0.033983457674486",-1.46873243557428,"ACOATA","[ACP][c] + acetyl-CoA[c] => acetyl-[ACP][c] + CoA[c]","acetyl-CoA:[acyl-carrier-protein] S-acetyltransferase","Fatty acid biosynthesis","cytosol","FASN","PMID:11750882;PMID:4452359;PMID:6137188;PMID:7567999;PMID:7834997;PMID:8962082","down"
"126","MAR02152","ALL","0.75901317131191","0.369698654161621","-2.11806783514176","0.040370517891623",-1.39393567922403,"r0678","acetyl-[ACP][c] + H+[c] + malonyl-[ACP][c] => [ACP][c] + acetoacetyl-[ACP][c] + CO2[c]","Acyl-[acyl-carrier-protein]:malonyl-[acyl-carrier-protein] C-acyltransferase (decarboxylating)","Fatty acid biosynthesis (even-chain)","cytosol","OXSM or FASN","PMID:11750882;PMID:4452359;PMID:6137188;PMID:7567999;PMID:7834997;PMID:8962082","down"
"127","MAR02153","ALL","0.736141336591787","0.342334825758832","-2.19662691637616","0.0339834576747183",-1.46873243557131,"r0691","acetoacetyl-[ACP][c] + H+[c] + NADPH[c] => (R)-3-hydroxybutanoyl-[ACP][c] + NADP+[c]","(3R)-3-hydroxybutanoyl-[acyl-carrier protein]:NADP+ oxidoreductase","Fatty acid biosynthesis (even-chain)","cytosol","FASN","PMID:11750882;PMID:4452359;PMID:6137188;PMID:7567999;PMID:7834997;PMID:8962082","down"
"128","MAR02154","ALL","0.736141336592499","0.342334825758305","-2.19662691638282","0.0339834576742114",-1.46873243557779,"r0681","(R)-3-hydroxybutanoyl-[ACP][c] => but-2-enoyl-[ACP][c] + H2O[c]","(3R)-3-hydroxybutanoyl-[acyl-carrier-protein] hydro-lyase","Fatty acid biosynthesis (even-chain)","cytosol","FASN","PMID:6137188;PMID:8962082","down"
"129","MAR02155","ALL","0.831446603495849","0.423630157703653","-2.22384445724278","0.0316579760325768",-1.49951685403402,"r0682","but-2-enoyl-[ACP][c] + H+[c] + NADPH[c] => butyryl-[ACP][c] + NADP+[c]","butyryl-[acp]:NADP+ trans-2-oxidoreductase","Fatty acid biosynthesis (even-chain)","cytosol","PECR or MECR or FASN",NA,"down"
"130","MAR02156","ALL","0.759013171312718","0.369698654161846","-2.1180678351459","0.040370517891252",-1.39393567922802,"r0760","butyryl-[ACP][c] + H+[c] + malonyl-[ACP][c] => [ACP][c] + 3-oxohexanoyl-[ACP][c] + CO2[c]","butyryl-[acyl-carrier protein]:malonyl-[acyl-carrier-protein] C-acyltransferase (decarboxylating)","Fatty acid biosynthesis (even-chain)","cytosol","OXSM or FASN","PMID:11750882;PMID:4452359;PMID:6137188;PMID:7567999;PMID:7834997;PMID:8962082","down"
"131","MAR02157","ALL","0.736141336591459","0.342334825758374","-2.19662691638172","0.03398345767429",-1.46873243557679,"r0761","3-oxohexanoyl-[ACP][c] + H+[c] + NADPH[c] => D-3-hydroxyhexanoyl-[ACP][c] + NADP+[c]","(3R)-3-hydroxyhexanoyl-[acyl-carrier-protein]:NADP+ oxidoreductase","Fatty acid biosynthesis (even-chain)","cytosol","FASN","PMID:11750882;PMID:4452359;PMID:6137188;PMID:7567999;PMID:7834997;PMID:8962082","down"
"132","MAR02158","ALL","0.736141336592107","0.342334825758258","-2.1966269163836","0.0339834576741516",-1.46873243557856,"r0762","D-3-hydroxyhexanoyl-[ACP][c] => (2E)-hexenoyl-[ACP][c] + H2O[c]","(3R)-3-hydroxybutanoyl-[acyl-carrier-protein] hydro-lyase","Fatty acid biosynthesis (even-chain)","cytosol","FASN","PMID:7567999","down"
"133","MAR02159","ALL","0.736141336599573","0.342334825761281","-2.19662691639946","0.0339834576729275",-1.4687324355942,"r0763","(2E)-hexenoyl-[ACP][c] + H+[c] + NADPH[c] => hexanoyl-[ACP][c] + NADP+[c]","hexanoyl-[acp]:NADP+ trans-2-oxidoreductase","Fatty acid biosynthesis (even-chain)","cytosol","FASN","PMID:7567999","down"
"134","MAR02160","ALL","0.759013171316181","0.369698654163903","-2.11806783515038","0.0403705178908491",-1.39393567923236,"r0764","H+[c] + hexanoyl-[ACP][c] + malonyl-[ACP][c] => [ACP][c] + 3-oxooctanoyl-[ACP][c] + CO2[c]","hexanoyl-[acyl-carrier protein]:malonyl-[acyl-carrier-protein] C-acyltransferase (decarboxylating)","Fatty acid biosynthesis (even-chain)","cytosol","OXSM or FASN","PMID:11750882;PMID:4452359;PMID:6137188;PMID:7567999;PMID:7834997;PMID:8962082","down"
"135","MAR02161","ALL","0.736141336598785","0.34233482576118","-2.19662691639905","0.0339834576729562",-1.46873243559383,"r0694","3-oxooctanoyl-[ACP][c] + H+[c] + NADPH[c] => (R)-3-hydroxyoctanoyl-[ACP][c] + NADP+[c]","(3R)-3-hydroxyoctanoyl-[acyl-carrier-protein]:NADP+ oxidoreductase","Fatty acid biosynthesis (even-chain)","cytosol","FASN","PMID:11750882;PMID:4452359;PMID:6137188;PMID:7567999;PMID:7834997;PMID:8962082","down"
"136","MAR02162","ALL","0.736141336598888","0.342334825761041","-2.1966269164014","0.033983457672772",-1.46873243559619,"r0695","(R)-3-hydroxyoctanoyl-[ACP][c] => (2E)-octenoyl-[ACP][c] + H2O[c]","(3R)-3-hydroxyoctanoyl-[acyl-carrier-protein] hydro-lyase","Fatty acid biosynthesis (even-chain)","cytosol","FASN","PMID:7567999","down"
"137","MAR02163","ALL","0.736141336600037","0.34233482576269","-2.19662691639281","0.0339834576734352",-1.46873243558771,"r0765","(2E)-octenoyl-[ACP][c] + H+[c] + NADPH[c] => NADP+[c] + octanoyl-[ACP][c]","octanoyl-[acp]:NADP+ trans-2-oxidoreductase","Fatty acid biosynthesis (even-chain)","cytosol","FASN","PMID:7567999","down"
"138","MAR02164","ALL","0.759013171315563","0.369698654162286","-2.11806783515847","0.0403705178901313",-1.39393567924008,"r0766","H+[c] + malonyl-[ACP][c] + octanoyl-[ACP][c] => [ACP][c] + 3-oxodecanoyl-[ACP][c] + CO2[c]","Octanoyl-[acyl-carrier protein]:malonyl-[acyl-carrier-protein] C-acyltransferase (decarboxylating)","Fatty acid biosynthesis (even-chain)","cytosol","OXSM or FASN","PMID:11750882;PMID:4452359;PMID:6137188;PMID:7567999;PMID:7834997;PMID:8962082","down"
"139","MAR02165","ALL","0.736141336598262","0.34233482576082","-2.19662691639658","0.0339834576731586",-1.46873243559125,"r0692","3-oxodecanoyl-[ACP][c] + H+[c] + NADPH[c] => (R)-3-hydroxydecanoyl-[ACP][c] + NADP+[c]","(3R)-3-hydroxydecanoyl-[acyl-carrier-protein]:NADP+ oxidoreductase","Fatty acid biosynthesis (even-chain)","cytosol","FASN","PMID:11750882;PMID:4452359;PMID:6137188;PMID:7567999;PMID:7834997;PMID:8962082","down"
"140","MAR02166","ALL","0.736141336599017","0.342334825760666","-2.19662691639808","0.0339834576730485",-1.46873243559265,"r0693","(R)-3-hydroxydecanoyl-[ACP][c] => (2E)-decenoyl-[ACP][c] + H2O[c]","(3R)-3-hydroxydecanoyl-[acyl-carrier-protein] hydro-lyase","Fatty acid biosynthesis (even-chain)","cytosol","FASN","PMID:7567999","down"
"141","MAR02167","ALL","0.736141336606468","0.342334825765652","-2.19662691639796","0.0339834576730439",-1.46873243559271,"r0767","(2E)-decenoyl-[ACP][c] + H+[c] + NADPH[c] => decanoyl-[ACP][c] + NADP+[c]","decanoyl-[acp]:NADP+ trans-2-oxidoreductase","Fatty acid biosynthesis (even-chain)","cytosol","FASN","PMID:7567999","down"
"142","MAR02168","ALL","0.759013171323425","0.369698654167384","-2.11806783515689","0.0403705178902842",-1.39393567923843,"r0768","decanoyl-[ACP][c] + H+[c] + malonyl-[ACP][c] => [ACP][c] + 3-oxododecanoyl-[ACP][c] + CO2[c]","Decanoyl-[acyl-carrier protein]:malonyl-[acyl-carrier-protein] C-acyltransferase (decarboxylating)","Fatty acid biosynthesis (even-chain)","cytosol","OXSM or FASN","PMID:11750882;PMID:4452359;PMID:6137188;PMID:7567999;PMID:7834997;PMID:8962082","down"
"143","MAR02169","ALL","0.736141336605932","0.342334825765497","-2.19662691639629","0.0339834576731727",-1.46873243559107,"r0769","3-oxododecanoyl-[ACP][c] + H+[c] + NADPH[c] => D-3-hydroxydodecanoyl-[ACP][c] + NADP+[c]","(3R)-3-hydroxydodecanoyl-[acyl-carrier-protein]:NADP+ oxidoreductase","Fatty acid biosynthesis (even-chain)","cytosol","FASN","PMID:11750882;PMID:4452359;PMID:6137188;PMID:7567999;PMID:7834997;PMID:8962082","down"
"144","MAR02170","ALL","0.736141336604088","0.342334825765034","-2.19662691638963","0.0339834576736847",-1.46873243558452,"r0770","D-3-hydroxydodecanoyl-[ACP][c] => (2E)-dodecenoyl-[ACP][c] + H2O[c]","(3R)-3-hydroxydodecanoyl-[acyl-carrier-protein] hydro-lyase","Fatty acid biosynthesis (even-chain)","cytosol","FASN","PMID:7567999","down"
"145","MAR02171","ALL","0.736141336599609","0.342334825761992","-2.19662691638774","0.0339834576738336",-1.46873243558262,"r0712","(2E)-dodecenoyl-[ACP][c] + H+[c] + NADPH[c] => dodecanoyl-[ACP][c] + NADP+[c]","dodecanoyl-[acp]:NADP+ trans-2-oxidoreductase","Fatty acid biosynthesis (even-chain)","cytosol","FASN","PMID:7567999","down"
"148","MAR02263","ALL","0.946426676151248","1.32575998864742","2.29391261557185","0.0272976464596949",1.56387479521672,"HMR_2263","H+[c] + malonyl-CoA[c] + nonadecanoyl-CoA[c] => 3-oxoheneicosanoyl-CoA[c] + CO2[c] + CoA[c]",NA,"Fatty acid elongation (odd-chain)","cytosol","ELOVL5 or ELOVL1 or ELOVL4 or ELOVL3 or ELOVL7 or ELOVL6 or ELOVL2","PMID:10479480","up"
"149","MAR02264","ALL","0.925437139258968","1.29209996261127","2.17568682931724","0.0355280235928709",1.44942895143508,"HMR_2264","3-oxoheneicosanoyl-CoA[c] + H+[c] + NADPH[c] => 3-hydroxyheneicosanoyl-CoA[c] + NADP+[c]",NA,"Fatty acid elongation (odd-chain)","cytosol","HSD17B12","PMID:10479480","up"
"150","MAR02265","ALL","0.934067522636558","1.31791173801468","2.31010405834074","0.0262420242853303",1.58100266693205,"HMR_2265","3-hydroxyheneicosanoyl-CoA[c] => (2E)-heneicosenoyl-CoA[c] + H2O[c]",NA,"Fatty acid elongation (odd-chain)","cytosol","HACD3 or HIGD2A or HACD1 or HACD4 or HACD2","PMID:10479480","up"
"151","MAR02266","ALL","0.924946251860166","1.29746674426291","2.21424885859363","0.0325831952720282",1.48700632883764,"HMR_2266","(2E)-heneicosenoyl-CoA[c] + H+[c] + NADPH[c] => heneicosanoyl-CoA[c] + NADP+[c]",NA,"Fatty acid elongation (odd-chain)","cytosol","TECR or TECRL","PMID:10479480","up"
"153","MAR02338","ALL","0.466254408958922","0.658931311424169","2.02157880228919","0.0494682001550101",1.30567389066608,"HMR_2338","H+[c] + NADPH[c] + trans,cis-2,17-hexacosadienoyl-CoA[c] => hexacosenoyl-CoA[c] + NADP+[c]",NA,"Fatty acid biosynthesis (unsaturated)","cytosol","TECR or TECRL","PMID:10970790","up"
"154","MAR02352","ALL","53.2098624627111","157.646189161256","2.2131471501831","0.0330490641129099",1.48084083440387,"r1431","dADP[m] + H2O[m] + oxidized thioredoxin[m] => ADP[m] + thioredoxin[m]","2-Deoxyuridine 5-Diphosphate:Oxidized-Thioredoxin 2-Oxidoreductase","Miscellaneous","mitochondria","(RRM2B and TXN2 and RRM1 and RRM2) or (RRM2B and TXN and RRM1 and RRM2)","PMID:5553404;PMID:5671058","up"
"155","MAR02361","ALL","7.29690001582182e-10","6.11948173188192e-09","2.43887287812288","0.0231329434724357",1.63576910339434,"HMR_2361","(6Z,9Z)-octadecadienoyl-CoA[c] + H+[c] + malonyl-CoA[c] => 3-oxo-eicosadienoyl-CoA[c] + CO2[c] + CoA[c]",NA,"Fatty acid biosynthesis (unsaturated)","cytosol","ELOVL5 or ELOVL1 or ELOVL4 or ELOVL3 or ELOVL7 or ELOVL6 or ELOVL2","PMID:10970790","up"
"156","MAR02362","ALL","7.29690001582182e-10","6.11948173188192e-09","2.43887287812288","0.0231329434724357",1.63576910339434,"HMR_2362","3-oxo-eicosadienoyl-CoA[c] + H+[c] + NADPH[c] => 3(S)-hydroxy-3-oxo-eicosadienoyl-CoA[c] + NADP+[c]",NA,"Fatty acid biosynthesis (unsaturated)","cytosol","HSD17B12","PMID:10970790","up"
"157","MAR02363","ALL","7.29690001582182e-10","6.11948173188192e-09","2.43887287812288","0.0231329434724357",1.63576910339434,"HMR_2363","3(S)-hydroxy-3-oxo-eicosadienoyl-CoA[c] => H2O[c] + trans,cis-2,8,11-eicosatrienoyl-CoA[c]",NA,"Fatty acid biosynthesis (unsaturated)","cytosol","HACD3 or HIGD2A or HACD1 or HACD4 or HACD2","PMID:10970790","up"
"158","MAR02364","ALL","7.29690001582182e-10","6.11948173188192e-09","2.43887287812288","0.0231329434724357",1.63576910339434,"HMR_2364","H+[c] + NADPH[c] + trans,cis-2,8,11-eicosatrienoyl-CoA[c] => (8Z,11Z)-eicosadienoyl-CoA[c] + NADP+[c]",NA,"Fatty acid biosynthesis (unsaturated)","cytosol","TECR or TECRL","PMID:10970790","up"
"161","MAR02497","ALL","0.800245655892742","0.983129643320353","2.08376693999152","0.048150898204397",1.31739560715679,"RE3124C","(7Z,10Z,13Z,16Z,19Z)-docosapentaenoyl-CoA[c] + H+[c] + malonyl-CoA[c] => 3-oxo-tetracosa-9,12,15,18,21-all-cis-pentaenoyl-CoA[c] + CO2[c] + CoA[c]",NA,"Omega-3 fatty acid metabolism","cytosol","ELOVL5 or ELOVL1 or ELOVL4 or ELOVL3 or ELOVL7 or ELOVL6 or ELOVL2","PMID:10970790;PMID:10970790","up"
"162","MAR02529","ALL","-19.93522059923","51.9336005371105","2.11703515283933","0.0425016893116986",1.37159380773396,"RE0702E","H+[e] + H2O2[e] + thiocyanate[e] <=> H2O[e] + hypothiocyanite[e]","Dihydrolipoyl Dehydrogenase","Miscellaneous","extracellular","LPO","PMID:11013238;PMID:9665099","up"
"164","MAR02602","ALL","0.279781354241839","0.878334973093515","2.04462582754058","0.0469031000360894",1.32879845186756,"HMR_2602","CoA[c] + dodecanoylcarnitine[c] <=> lauroyl-CoA[c] + L-carnitine[c]",NA,"Carnitine shuttle (cytosolic)","cytosol","CPT1A or CPT1C or CPT1B",NA,"up"
"165","MAR02603","ALL","0.277168973611263","0.889912427849175","2.07767039940956","0.0436099710667754",1.36041420146104,"HMR_2603","dodecanoylcarnitine[m] + L-carnitine[c] <=> dodecanoylcarnitine[c] + L-carnitine[m]",NA,"Carnitine shuttle (mitochondrial)","cytosol, mitochondria","SLC22A9 or SLC22A1 or SLC25A20 or SLC25A29 or SLC22A4",NA,"up"
"166","MAR02604","ALL","-0.266454983533961","-0.875595906025444","-2.0878349569884","0.0426356916399283",-1.37022668746037,"HMR_2604","CoA[m] + dodecanoylcarnitine[m] <=> lauroyl-CoA[m] + L-carnitine[m]",NA,"Carnitine shuttle (mitochondrial)","mitochondria","CRAT or CPT2",NA,"down"
"167","MAR02605","ALL","-0.624484029549534","-0.300225148874964","2.11522757833366","0.0409295762408547",1.38796275174396,"HMR_2605","CoA[c] + tridecanoylcarnitine[c] <=> L-carnitine[c] + tridecanoyl-CoA[c]",NA,"Carnitine shuttle (cytosolic)","cytosol","CPT1A or CPT1C or CPT1B",NA,"up"
"168","MAR02606","ALL","-0.638201044278154","-0.291009326255701","2.09904001734565","0.0427521328722011",1.36904221376572,"HMR_2606","L-carnitine[c] + tridecanoylcarnitine[m] <=> L-carnitine[m] + tridecanoylcarnitine[c]",NA,"Carnitine shuttle (mitochondrial)","cytosol, mitochondria","SLC22A9 or SLC22A1 or SLC25A20 or SLC25A29 or SLC22A4",NA,"up"
"169","MAR02607","ALL","0.636654712208635","0.24583040982757","-2.77844460230408","0.00819074764021906",-2.08667645462515,"HMR_2607","CoA[m] + tridecanoylcarnitine[m] <=> L-carnitine[m] + tridecanoyl-CoA[m]",NA,"Carnitine shuttle (mitochondrial)","mitochondria","CRAT or CPT2",NA,"down"
"170","MAR02612","ALL","250.838419267147","-66.4272908999484","-2.85920819607111","0.0065649801370972",-2.18276658356721,"HMR_2612","L-carnitine[c] + tetradecenoylcarnitine(5)[m] <=> L-carnitine[m] + tetradecenoylcarnitine(5)[c]",NA,"Carnitine shuttle (mitochondrial)","cytosol, mitochondria","SLC22A9 or SLC22A1 or SLC25A20 or SLC25A29 or SLC22A4",NA,"down"
"171","MAR02619","ALL","5.87772636999118e-13","2.46484428840958e-13","-2.20831374240571","0.0337321067766359",-1.47195653361381,"RE0925C","UDP-glucuronate[c] + 3,3,5-Triiodothyroacetate[c] => H+[c] + UDP[c] + 3,3,5-Triiodothyroacetate-Beta-D-Glucuronoside[c]","Glucuronosyltransferase","Tyrosine metabolism","cytosol","UGT1A1","PMID:2229315;PMID:8070342;PMID:9633995","down"
"172","MAR02700","ALL","-0.747170388982428","-1.0532220388676","-2.18216049024333","0.0345236162315939",-1.46188371970159,"HMR_2700","heneicosanoylcarnitine[m] + L-carnitine[c] <=> heneicosanoylcarnitine[c] + L-carnitine[m]",NA,"Carnitine shuttle (mitochondrial)","cytosol, mitochondria","SLC22A9 or SLC22A1 or SLC25A20 or SLC25A29 or SLC22A4",NA,"down"
"173","MAR02720","ALL","-166.218782469012","35.54134466068","2.5653454276784","0.0137929738665581",1.86034208664547,"TMNDNCCPT1","(5Z,8Z,11Z,14Z,17Z)-eicosapentaenoyl-CoA[c] + L-carnitine[c] <=> (5Z,8Z,11Z,14Z,17Z)-eicosapentaenoylcarnitine[c] + CoA[c]",NA,"Carnitine shuttle (cytosolic)","cytosol","CPT1A or CPT1C or CPT1B",NA,"up"
"174","MAR02721","ALL","8.32915460536917e-13","1.54499762602811e-13","-2.11664618140285","0.0402256107425581",-1.39549735331696,"RE1064C","H2O[c] + Dynorphin B[c] <=> dynorphin A-(1-5)[c] + Dynorphin B (10-13)[c] + Dynorphin B (6-9)[c]","Thimet Oligopeptidase","Miscellaneous","cytosol",NA,"PMID:11284698;PMID:8373360","down"
"175","MAR02786","ALL","1.0663226736483e-13","6.51651294791465e-13","2.74070228209755","0.00918367359942459",2.03698356010375,"RE1514M","ATP[m] + CoA[m] + linoleate[m] <=> AMP[m] + linoleoyl-CoA[m] + PPi[m]","Long-Chain-Fatty-Acid- Coenzyme A Ligase","Fatty acid oxidation","mitochondria","ACSL4 or ACSL3 or ACSL1 or ACSL6 or ACSL5","PMID:10479480;PMID:10675551;PMID:11707336;PMID:9784915","up"
"176","MAR02801","ALL","-7.97966477146749","97.684619526081","2.04329086104066","0.0486817241703073",1.31263404867554,"r0998","L-carnitine[c] + L-palmitoylcarnitine[r] <=> L-carnitine[r] + L-palmitoylcarnitine[c]",NA,"Carnitine shuttle (endoplasmic reticular)","cytosol, endoplasmic reticulum","SLC22A5","PMID:14598172;PMID:18406340;PMID:6361812;PMID:8132483;PMID:1735445;PMID:1988962;PMID:2351134;PMID:2355017;PMID:7892212PMID:9399886","up"
"177","MAR02803","ALL","7.98251530397199","-97.6824234573185","-2.04329684343628","0.0486810276188167",-1.31264026272482,"r0434","CoA[r] + L-palmitoylcarnitine[r] <=> L-carnitine[r] + palmitoyl-CoA[r]","palmitoyl-CoA:L-carnitine O-palmitoyltransferase","Carnitine shuttle (endoplasmic reticular)","endoplasmic reticulum","CRAT","PMID:1735445;PMID:1988962;PMID:2355017;PMID:6361812;PMID:7892212PMID:7711730","down"
"178","MAR02865","ALL","-169.353314866737","29.3759676551083","2.55691740364361","0.0140906338156767",1.85106947130086,"HMR_2865","(5Z,8Z,11Z,14Z,17Z)-eicosapentaenoylcarnitine[c] + L-carnitine[r] <=> (5Z,8Z,11Z,14Z,17Z)-eicosapentaenoylcarnitine[r] + L-carnitine[c]",NA,"Carnitine shuttle (endoplasmic reticular)","cytosol, endoplasmic reticulum","SLC22A5",NA,"up"
"179","MAR02866","ALL","169.333215454402","-29.3672948803831","-2.55647685231006","0.0141061367877195",-1.85059190910167,"HMR_2866","(5Z,8Z,11Z,14Z,17Z)-eicosapentaenoyl-CoA[r] + L-carnitine[r] <=> (5Z,8Z,11Z,14Z,17Z)-eicosapentaenoylcarnitine[r] + CoA[r]",NA,"Carnitine shuttle (endoplasmic reticular)","endoplasmic reticulum","CRAT",NA,"down"
"180","MAR02984","ALL","-170.18273268536","28.4024033029985","2.55372277568577","0.0142031277441128",1.84761600685412,"RE3132R","(5Z,8Z,11Z,14Z,17Z)-eicosapentaenoyl-CoA[r] + AMP[r] + PPi[r] <=> ATP[r] + CoA[r] + EPA[r]",NA,"Fatty acid activation (endoplasmic reticular)","endoplasmic reticulum","ACSL4 or ACSBG1 or ACSL3 or ACSBG2 or SLC27A2 or ACSL1 or ACSL6 or ACSL5 or MEIKIN","PMID:10479480;PMID:9784915;PMID:10479480;PMID:9784915","up"
"181","MAR02991","ALL","78.1780652411367","-121.221818750651","-2.4803946019938","0.0179280130183912",-1.7464678411108,"r1257","AMP[r] + linoleoyl-CoA[r] + PPi[r] <=> ATP[r] + CoA[r] + linoleate[r]",NA,"Fatty acid activation (endoplasmic reticular)","endoplasmic reticulum","ACSL4 or ACSBG1 or ACSL3 or ACSBG2 or SLC27A2 or ACSL1 or ACSL6 or ACSL5 or MEIKIN","PMID:8584017","down"
"182","MAR03057","ALL","0.132341793965824","0.187803565651368","2.11238251654072","0.0405142564961993",1.39239212670777,"HMR_3057","hexacosanoyl-CoA[x] + O2[x] => (2E)-hexacosenoyl-CoA[x] + H2O2[x]",NA,"Beta oxidation of even-chain fatty acids (peroxisomal)","peroxizome","ACOX3 or ACOX1","PMID:7876265;PMID:17458872","up"
"183","MAR03058","ALL","0.084212025744871","0.127798424279062","2.17762043634391","0.0355940417917669",1.44862269397995,"HMR_3058","(2E)-hexacosenoyl-CoA[x] + H2O[x] => 3-hydroxyhexacosanoyl-CoA[x]",NA,"Beta oxidation of even-chain fatty acids (peroxisomal)","peroxizome","HADHA and EHHADH and ECI1 and ECI2","PMID:16385454;PMID:8902629;PMID:9089413","up"
"184","MAR03066","ALL","0.027094267308859","0.0556618555611997","2.37265777094234","0.022163966702074",1.65435251097182,"HMR_3066","docosanoyl-CoA[x] + O2[x] => (2E)-docosenoyl-CoA[x] + H2O2[x]",NA,"Beta oxidation of even-chain fatty acids (peroxisomal)","peroxizome","ACOX3 or ACOX1",NA,"up"
"185","MAR03067","ALL","0.0252335244966984","0.0487775742607235","2.37678311005801","0.021895839019273",1.65963840856918,"HMR_3067","(2E)-docosenoyl-CoA[x] + H2O[x] => 3-hydroxydocosanoyl-CoA[x]",NA,"Beta oxidation of even-chain fatty acids (peroxisomal)","peroxizome","HADHA and EHHADH and ECI1 and ECI2",NA,"up"
"186","MAR03068","ALL","0.0259514656211501","0.048604243779369","2.24268823806895","0.0300558392898079",1.52207114013446,"HMR_3068","3-hydroxydocosanoyl-CoA[x] + NAD+[x] => 3-oxodocosanoyl-CoA[x] + H+[x] + NADH[x]",NA,"Beta oxidation of even-chain fatty acids (peroxisomal)","peroxizome","ACAA1 and EHHADH and HSD17B4",NA,"up"
"187","MAR03069","ALL","0.0261861326954943","0.0487125329273688","2.21739662305834","0.0318703143420391",1.49661365298878,"HMR_3069","3-oxodocosanoyl-CoA[x] + CoA[x] => acetyl-CoA[x] + eicosanoyl-CoA[x]",NA,"Beta oxidation of even-chain fatty acids (peroxisomal)","peroxizome","ACAA1 and MYO5B",NA,"up"
"188","MAR03090","ALL","0.0180015747560069","0.0501289839541432","2.03739794339318","0.0489906048512886",1.30988719859316,"r1445","decanoyl-CoA[x] + O2[x] => (2E)-decenoyl-CoA[x] + H2O2[x]",NA,"Beta oxidation of even-chain fatty acids (peroxisomal)","peroxizome","ACOX3 or ACOX1","PMID:17603022;PMID:6240978;PMID:7876265","up"
"189","MAR03172","ALL","0.729354615654534","1.0159739150606","2.02766940931208","0.0487086737332645",1.31239369547784,"HMR_3172","3-hydroxyheneicosanoyl-CoA[m] + NAD+[m] => 3-oxoheneicosanoyl-CoA[m] + H+[m] + NADH[m]",NA,"Beta oxidation of odd-chain fatty acids (mitochondrial)","mitochondria","HSD17B10 and HADHA and HADH",NA,"up"
"190","MAR03173","ALL","0.729571360926371","1.04047509167437","2.21621627700929","0.0319346742199666",1.49573750991753,"HMR_3173","3-oxoheneicosanoyl-CoA[m] + CoA[m] => acetyl-CoA[m] + nonadecanoyl-CoA[m]",NA,"Beta oxidation of odd-chain fatty acids (mitochondrial)","mitochondria","HADHA and HADHB and ACAA2",NA,"up"
"191","MAR03302","ALL","0.00931479153784963","0.214841509335419","2.21458662735933","0.0374257251018628",1.42682977669801,"RE1523X","H2O[x] + trans,cis,cis-2,9,12-octadecatrienoyl-CoA[x] => (3S)-3-hydroxylinoleoyl-CoA[x]",NA,"Beta oxidation of di-unsaturated fatty acids (n-6) (peroxisomal)","peroxizome","HADHA and EHHADH and ECI1 and ECI2","PMID:9920399;PMID:10407780;PMID:7923814;PMID:9568246","up"
"192","MAR03304","ALL","0.00931343960972054","0.218845085657444","2.21744751148518","0.0372043184692261",1.42940664671749,"RE0512X","(3S)-3-hydroxylinoleoyl-CoA[x] + NAD+[x] => 3-oxolinoleoyl-CoA[x] + H+[x] + NADH[x]",NA,"Beta oxidation of di-unsaturated fatty acids (n-6) (peroxisomal)","peroxizome","ACAA1 and EHHADH and HSD17B4","PMID:7846063","up"
"193","MAR03305","ALL","0.00947441847866316","0.214433779544994","2.20763224581047","0.037970749325177",1.42055083228927,"RE1531X","3-oxolinoleoyl-CoA[x] + CoA[x] => acetyl-CoA[x] + cis,cis-palmito-7,10-dienoyl-CoA[x]",NA,"Beta oxidation of di-unsaturated fatty acids (n-6) (peroxisomal)","peroxizome","ACAA1 and MYO5B","PMID:10407780;PMID:9920399;PMID:7923814;PMID:9568246","up"
"194","MAR03307","ALL","0.0100267572883807","0.225404268736893","2.13969447515561","0.0437126847629782",1.35939251902076,"RE1522X","H2O[x] + trans,cis,cis-2,7,10-hexadecatrienoyl-CoA[x] => (3S)-3-hydroxy-cis,cis-palmito-7,10-dienoyl-CoA[x]",NA,"Beta oxidation of di-unsaturated fatty acids (n-6) (peroxisomal)","peroxizome","HADHA and EHHADH and ECI1 and ECI2","PMID:9920399;PMID:9568246;PMID:7923814;PMID:10407780;PMID:7775433;PMID:10407780","up"
"195","MAR03309","ALL","0.00992054690929904","0.225572520690314","2.13869133938289","0.0438027014256541",1.35849910460831,"RE1525X","(3S)-3-hydroxy-cis,cis-palmito-7,10-dienoyl-CoA[x] + NAD+[x] => 3-oxo-cis,cis-7,10-hexadecadienoyl-CoA[x] + H+[x] + NADH[x]",NA,"Beta oxidation of di-unsaturated fatty acids (n-6) (peroxisomal)","peroxizome","ACAA1 and EHHADH and HSD17B4","PMID:10407780;PMID:7775433","up"
"196","MAR03310","ALL","0.0101322779819052","0.225115448447186","2.13520985977226","0.0441160466026102",1.35540341317653,"RE1532X","3-oxo-cis,cis-7,10-hexadecadienoyl-CoA[x] + CoA[x] => acetyl-CoA[x] + cis,cis-myristo-5,8-dienoyl-CoA[x]",NA,"Beta oxidation of di-unsaturated fatty acids (n-6) (peroxisomal)","peroxizome","ACAA1 and MYO5B","PMID:10407780;PMID:9568246;PMID:7923814;PMID:9920399;PMID:7775433;PMID:10407780","up"
"197","MAR03312","ALL","0.0100267572873421","0.225404268732764","2.13969447513842","0.0437126847645186",1.35939251900546,"RE1521X","H2O[x] + trans-2-cis,cis-5,8-tetradecatrienoyl-CoA[x] => 3(S)-hydroxy-(5Z,8Z)-tetradecadienoyl-CoA[x]",NA,"Beta oxidation of di-unsaturated fatty acids (n-6) (peroxisomal)","peroxizome","HADHA and EHHADH and ECI1 and ECI2","PMID:9920399;PMID:10407780;PMID:7923814;PMID:9568246","up"
"198","MAR03314","ALL","0.00992054690965884","0.225572520690382","2.13869133937474","0.0438027014263849",1.35849910460106,"RE1526X","3(S)-hydroxy-(5Z,8Z)-tetradecadienoyl-CoA[x] + NAD+[x] => 3-oxo-cis,cis-5,8-tetradecadienoyl-CoA[x] + H+[x] + NADH[x]",NA,"Beta oxidation of di-unsaturated fatty acids (n-6) (peroxisomal)","peroxizome","ACAA1 and EHHADH and HSD17B4","PMID:11451959","up"
"199","MAR03315","ALL","0.0101322779820586","0.225115448447185","2.13520985976671","0.0441160466031112",1.3554034131716,"RE1533X","3-oxo-cis,cis-5,8-tetradecadienoyl-CoA[x] + CoA[x] => acetyl-CoA[x] + cis,cis-3,6-dodecadienoyl-CoA[x]",NA,"Beta oxidation of di-unsaturated fatty acids (n-6) (peroxisomal)","peroxizome","ACAA1 and MYO5B","PMID:10407780;PMID:9920399;PMID:7923814;PMID:9568246","up"
"200","MAR03316","ALL","0.0100267572870544","0.225404268732456","2.13969447513878","0.0437126847644872",1.35939251900577,"HMR_3316;RE1573X","cis,cis-3,6-dodecadienoyl-CoA[x] => trans,cis-lauro-2,6-dienoyl-CoA[x]","cis,cis-3,6-Dodecadienoyl-CoA delta3-cis-delta2-trans-isomerase","Beta oxidation of di-unsaturated fatty acids (n-6) (peroxisomal)","peroxizome","HADHA and EHHADH and ECI1 and ECI2","PMID:10407780","up"
"201","MAR03317","ALL","0.0100267572870595","0.22540426873214","2.13969447513596","0.0437126847647396",1.35939251900326,"RE1520X","H2O[x] + trans,cis-lauro-2,6-dienoyl-CoA[x] => (3S)-3-hydroxydodec-cis-6-enoyl-CoA[x]",NA,"Beta oxidation of di-unsaturated fatty acids (n-6) (peroxisomal)","peroxizome","HADHA and EHHADH and ECI1 and ECI2","PMID:9920399;PMID:10407780;PMID:7923814;PMID:9568246","up"
"202","MAR03319","ALL","0.00992054690789402","0.2255725206863","2.1386913393621","0.0438027014275239",1.35849910458977,"RE1527X","(3S)-3-hydroxydodec-cis-6-enoyl-CoA[x] + NAD+[x] => 3-oxolaur-6-cis-enoyl-CoA[x] + H+[x] + NADH[x]",NA,"Beta oxidation of di-unsaturated fatty acids (n-6) (peroxisomal)","peroxizome","ACAA1 and EHHADH and HSD17B4",NA,"up"
"203","MAR03320","ALL","0.0101322779802228","0.225115448442447","2.13520985975199","0.044116046604446",1.35540341315846,"RE1534X","3-oxolaur-6-cis-enoyl-CoA[x] + CoA[x] => 4-cis-decenoyl-CoA[x] + acetyl-CoA[x]",NA,"Beta oxidation of di-unsaturated fatty acids (n-6) (peroxisomal)","peroxizome","ACAA1 and MYO5B","PMID:7923814;PMID:9920399;PMID:10407780;PMID:9568246","up"
"204","MAR03322","ALL","0.000417079575477525","0.210199450529879","2.1228452576126","0.045258551959189",1.34429934534802,"HMR_3322","2-trans-4-cis-decadienoyl-CoA[x] + H+[x] + NADH[x] => NAD+[x] + trans-3-decenoyl-CoA[x]",NA,"Beta oxidation of di-unsaturated fatty acids (n-6) (peroxisomal)","peroxizome","DECR1 or DECR2","PMID:7775433;PMID:11356164","up"
"205","MAR03323","ALL","0.0397341641831431","-0.182537307337844","-2.12011367519973","0.0454729472633367",-1.34224689671368,"FAOXC101x","(2E)-decenoyl-CoA[x] <=> trans-3-decenoyl-CoA[x]",NA,"Beta oxidation of di-unsaturated fatty acids (n-6) (peroxisomal)","peroxizome","HADHA and EHHADH and ECI1 and ECI2",NA,"down"
"206","MAR03326","ALL","0.350224337754951","0.531782229767346","2.91784836421157","0.0055463995393713",2.25598884887746,"HMR_3326","hexacosenoyl-CoA[x] + O2[x] => H2O2[x] + trans,cis-2,17-hexacosadienoyl-CoA[x]",NA,"Beta oxidation of unsaturated fatty acids (n-9) (peroxisomal)","peroxizome","ACOX3 or ACOX1",NA,"up"
"207","MAR03327","ALL","0.132070788303601","0.314170685918951","2.45246788339452","0.0198555647637253",1.70211775552625,"HMR_3327","H2O[x] + trans,cis-2,17-hexacosadienoyl-CoA[x] => 3(S)-hydroxy-hexacosenoyl-CoA[x]",NA,"Beta oxidation of unsaturated fatty acids (n-9) (peroxisomal)","peroxizome","HADHA and EHHADH and ECI1 and ECI2",NA,"up"
"208","MAR03328","ALL","0.120803945506236","0.320328042357043","2.66711428992827","0.0120140256169933",1.92031144636012,"HMR_3328","3(S)-hydroxy-hexacosenoyl-CoA[x] + NAD+[x] => 3-oxo-hexacosenoyl-CoA[x] + H+[x] + NADH[x]",NA,"Beta oxidation of unsaturated fatty acids (n-9) (peroxisomal)","peroxizome","ACAA1 and EHHADH and HSD17B4",NA,"up"
"209","MAR03387","ALL","-100.409189225821","143.484717083301","2.56929972022715","0.0138330811868262",1.85908107416429,"RE3074X","ATP[x] + CoA[x] + pristanic acid[x] <=> (2S)-pristanoyl-CoA[x] + AMP[x] + PPi[x]","Long-Chain-Fatty-Acid- Coenzyme A Ligase","Fatty acid oxidation","peroxizome","ACSL4 or ACSL3 or SLC27A2 or ACSL1 or ACSL6 or ACSL5","PMID:11060359;PMID:11356164","up"
"210","MAR03440","ALL","0.0184189388467434","0.00327037861118914","-2.49328434657429","0.0193013594564966",-1.71441210116516,"RE3148R","(7Z,10Z,13Z,16Z)-docosatetraenoyl-CoA[r] + malonyl-CoA[r] => CO2[r] + CoA[r] + H+[r] + 3-oxo-all-cis-6,9,12,15,18-tetracosapentaenoyl-CoA[r]",NA,"Fatty acid oxidation","endoplasmic reticulum","ELOVL5 or ELOVL1 or ELOVL6 or ELOVL2","PMID:10970790","down"
"213","MAR03761","ALL","0.110411092865622","0.341110930143189","2.02760261068222","0.0496838501960335",1.30378475634797,"MMTSADm","2-methyl-3-oxopropanoate[m] + CoA[m] + NAD+[m] => (R)-methylmalonyl-CoA[m] + H+[m] + NADH[m]",NA,"Valine, leucine, and isoleucine metabolism","mitochondria","ALDH6A1","PMID:10989432;PMID:2768248","up"
"214","MAR03827","ALL","1.57517906754136","-2.60704114925013","-2.18932610941058","0.0374599029197727",-1.42643335246697,"ASPTAm","AKG[m] + aspartate[m] <=> glutamate[m] + OAA[m]","L-Aspartate:2-oxoglutarate aminotransferase","Alanine, aspartate and glutamate metabolism","mitochondria","GOT2","PMID:3207426;PMID:7499788;PMID:7719646","down"
"217","MAR03912","ALL","0.581515367245005","1.49118478948477","2.44900601828496","0.0191422736625981",1.71800647928252,"CYSTA","AKG[c] + cysteine[c] <=> glutamate[c] + mercaptopyruvate[c]","L-Cysteine:2-oxoglutarate aminotransferase","Cysteine and methionine metabolism","cytosol","GOT1 or GOT2","PMID:7426616;PMID:7719646","up"
"219","MAR03962","ALL","5.09457595796299e-14","-1.00320486297606e-12","-2.51869819969067","0.0157003161273824",-1.80409160294137,"RE3535R","H+[r] + prostaglandin D2[r] <=> H2O[r] + 9-deoxy-delta12-PGD2[r]",NA,"Eicosanoid metabolism","endoplasmic reticulum",NA,"PMID:9755286","down"
"220","MAR03998","ALL","0.968954759650541","0.721108906138729","-2.03916026658566","0.0483522107839034",-1.31558366409805,"r0028","ADP[c] + H2O[c] => AMP[c] + H+[c] + Pi[c]","ADP phosphohydrolase","Purine metabolism","cytosol","ENTPD2 or ENTPD1 or ENTPD3 or CANT1 or ENTPD5 or ENTPD8 or ENTPD4 or ENTPD6","PMID:11278936","down"
"224","MAR04071","ALL","0.746629332007452","0.44513432122958","-2.06691093226042","0.0446791057066783",-1.34989552827222,"r0389","H2O2[c] + pyridoxal[c] <=> O2[c] + pyridoxine[c]","pyridoxine:oxygen oxidoreductase (deaminating)","Vitamin B6 metabolism","cytosol","PNPO","PMID:6088736;PMID:9601034","down"
"225","MAR04150","ALL","-8.21194104861999e-13","-2.00547972000546e-12","-2.17586975708876","0.0350133836087998",-1.45576591803746,"EX_HC02195[e]","tauroursodeoxycholate[e] <=> ","Exchange of Tauroursodeoxycholate","Exchange/demand reactions","extracellular",NA,NA,"down"
"226","MAR04289","ALL","-19.9337216061453","51.9359218727227","2.11706694459843","0.0424987311967249",1.37162403565525,"EX_CE2011[e]","hypothiocyanite[e] <=> ","Exchange of Hypothiocyanite","Exchange/demand reactions","extracellular",NA,NA,"up"
"227","MAR04308","ALL","1.39805234319365","0.791613052863123","-2.7727343247607","0.00831258652156332",-2.08026382131086,"MI1PS","inositol-1-phosphate[c] => glucose-6-phosphate[c]",NA,"Inositol phosphate metabolism","cytosol","ISYNA1","PMID:12941308","down"
"228","MAR04347","ALL","1.47494331805078","0.574085141966033","-2.24255049679431","0.0324779378281813",-1.4884115538851,"UPPN","3-ureidopropionate[c] + H+[c] + H2O[c] => beta-alanine[c] + CO2[c] + NH3[c]","3-ureidopropanoate amidohydrolase","Beta-alanine metabolism","cytosol","UPB1","PMID:10542323;PMID:15638804;PMID:3678231","down"
"230","MAR04492","ALL","4.41864462949536","2.43361229325161","-2.15797037936919","0.0378581497081889",-1.42184061570662,"r0360","ITP[c] + mannose[c] => H+[c] + IDP[c] + mannose-6-phosphate[c]","ITP:D-mannose 6-phosphotransferase","Purine metabolism","cytosol","HKDC1 or HK1 or HK2 or HK3","PMID:16906315;PMID:7061426;PMID:7150652;PMID:8717435","down"
"231","MAR04498","ALL","0.0250174911402089","0.255945301176344","2.43814679674899","0.0221587667277439",1.6544544144418,"r0366","[ACP][c] + H2O[c] => apo-[ACP][c] + H+[c] + phosphopantetheine[c]","[Acyl-carrier-protein] 4'-pantetheine-phosphohydrolase","Pantothenate and CoA biosynthesis","cytosol",NA,"PMID:220505;PMID:5671058","up"
"232","MAR04500","ALL","0.0439078152319023","0.304182382538879","2.31822257001621","0.0275574185837385",1.55976146700189,"r0368","apo-[ACP][c] + CoA[c] => [ACP][c] + H+[c] + PAP[c]","CoA:apo-[acyl-carrier-protein] pantetheinephosphotransferase","Pantothenate and CoA biosynthesis","cytosol","AASDHPPT","PMID:12815048;PMID:4561013","up"
"233","MAR04526","ALL","0.0891973867534493","0.479685505806492","3.19694156655277","0.00295937508974003",2.5287999861471,"UAG2EMAi","H2O[c] + UDP-N-acetylglucosamine[c] => H+[c] + N-acetyl-D-mannosamine[c] + UDP[c]","UDP-N-acetyl-D-glucosamine 2-epimerase","Amino sugar and nucleotide sugar metabolism","cytosol","GNE","PMID:10431835;PMID:15748884;PMID:3740419;PMID:4337336;PMID:5063602;PMID:5417402;PMID:9305887;PMID:9305888","up"
"234","MAR04612","ALL","21.0057627258989","84.2271484867372","2.51711577865916","0.0172686173316527",1.76274243424915,"RNDR1","ADP[c] + thioredoxin[c] => dADP[c] + H2O[c] + oxidized thioredoxin[c]","2'-deoxyadenosine 5'-diphosphate:oxidized-thioredoxin 2'-oxidoreductase","Purine metabolism","cytosol","(RRM2B and TXN2 and RRM1 and RRM2) or (RRM2B and TXN and RRM1 and RRM2)","PMID:6121703;PMID:8074691","up"
"235","MAR04636","ALL","-2.21253308653108e-13","6.65038850442743e-13","2.02591768055576","0.0490786981382415",1.30910696588955,"C181OHc","L-carnitine[c] + 3-Hydroxyoctadecenoyl Coenzyme A[c] <=> CoA[c] + 3-Hydroxy-Octadecenoyl Carnitine[c]","Production of 3-Hydroxyoctadecenoylcarnitinec","Fatty acid oxidation","cytosol","CPT1A or CPT1C or CPT1B","PMID:15794660","up"
"236","MAR04668","ALL","0.118900084409448","0.365537377954355","2.24700037694649","0.0306686511841777",1.5133053239898,"SACCD4m","H2O[m] + NADP+[m] + saccharopine[m] => 2-aminoadipate 6-semialdehyde[m] + glutamate[m] + H+[m] + NADPH[m]","N6-(L-1,3-Dicarboxypropyl)-L-lysine:NADP+ oxidoreductase","Lysine metabolism","mitochondria","AASS","PMID:2117549","up"
"239","MAR04727","ALL","-0.476717563548488","0.0432738077247775","2.67541030459607","0.0108645791073701",1.96398709353925,"PTPAT","ATP[c] + H+[c] + phosphopantetheine[c] <=> dephospho-CoA[c] + PPi[c]","ATP:pantetheine-4'-phosphate adenylyltransferase","Pantothenate and CoA biosynthesis","cytosol","COASY","PMID:11923312;PMID:11994049;PMID:13163064;PMID:15893380","up"
"240","MAR04742","ALL","0.515235575756442","1.13502891001523","2.07983388997096","0.0468240515060378",1.32953101117357,"ALASm","glycine[m] + H+[m] + succinyl-CoA[m] => 5-aminolevulinate[m] + CO2[m] + CoA[m]","succinyl-CoA:glycine C-succinyltransferase (decarboxylating)","Glycine, serine and threonine metabolism","mitochondria","ALAS1 or ALAS2 or CPNE7","PMID:7592562","up"
"241","MAR04781","ALL","0.730965153060648","1.37511640189976","2.03081637809156","0.0495765245716643",1.30472392154262,"r0618","NADP+[m] + trans-4-hydroxy-L-proline[m] => H+[m] + L-1-pyrroline-3-hydroxy-5-carboxylate[m] + NADPH[m]","trans-4-Hydroxy-L-proline:NADP+ 5-oxidoreductase","Arginine and proline metabolism","mitochondria","PYCR3 or PYCR2 or PYCR1 or LEFTY1","PMID:12514185;PMID:3768405;PMID:6250440;PMID:675382","up"
"242","MAR04783","ALL","0.105750266985822","-0.0532810323455694","-2.10831963891398","0.0412403980836241",-1.38467715122832,"DCATDr","decanoic acid[c] <=> decanoic acid[r]","Transport of Decanoate (N-C10:0) into the E.R. by Diffusion","Fatty acid oxidation","cytosol, endoplasmic reticulum",NA,"PMID:20086080;PMID:16829065;PMID:19801636;PMID:10446294","down"
"243","MAR04809","ALL","-0.451018099208537","-0.356345050329828","2.17520957802697","0.0359688545289134",1.4440733925872,"DOCOSADIACTD","Docosanedioicacid[r] <=> Docosanedioicacid[c]","Transport of Docosanedioic Acid by Diffusion","Fatty acid oxidation","cytosol, endoplasmic reticulum",NA,"PMID:10331655;PMID:11478366","up"
"246","MAR04897","ALL","6.34827852483627e-09","-1.20343825393697e-07","-2.28219937254655","0.0323877095935463",-1.48961976350744,"EX_c5dc[e]","Glutaryl Carnitine[e] <=> ","Exchange of Glutaryl Carnitine","Exchange/demand reactions","extracellular",NA,NA,"down"
"250","MAR04968","ALL","0.00592917259770111","0.174923929911088","2.26123370929637","0.0339232256967553",1.4695028581932,"FAOXC101C8x","(2E)-decenoyl-CoA[x] + CoA[x] + H2O[x] + NAD+[x] => acetyl-CoA[x] + H+[x] + NADH[x] + octanoyl-CoA[x]","Fatty Acid Beta Oxidation (C10:1->C8:0), Peroxisomal","Fatty acid oxidation","peroxizome","ACAA1 and EHHADH and HSD17B4","PMID:20558530","up"
"255","MAR05069","ALL","0.0157210492616082","0.0720759473137582","2.11035374990511","0.0455312376098518",1.34169054473191,"FAOXC121C10x","(2E)-dodecenoyl-CoA[x] + CoA[x] + H2O[x] + NAD+[x] => acetyl-CoA[x] + decanoyl-CoA[x] + H+[x] + NADH[x]","Fatty Acid Beta Xoidation (C12:1->C10), Peroxisomal","Fatty acid oxidation","peroxizome","ACAA1 and EHHADH and HSD17B4","PMID:10709653;PMID:11296696;PMID:11330072;PMID:16766224","up"
"256","MAR05171","ALL","0.00586714204792097","0.0149101436033194","2.26275633632571","0.0310101446450323",1.50849620801637,"HMR_5171","ATP[c] + glycyl-tRNA(gly)[c] + H2O[c] + L-alanyl-tRNA(ala)[c] + L-arginyl-tRNA(arg)[c] + L-asparaginyl-tRNA(asn)[c] + L-aspartyl-tRNA(asp)[c] + L-cysteinyl-tRNA(cys)[c] + L-glutaminyl-tRNA(gln)[c] + L-glutamyl-tRNA(glu)[c] + L-histidyl-tRNA(his)[c] + L-isoleucyl-tRNA(ile)[c] + L-leucyl-tRNA(leu)[c] + L-lysyl-tRNA(lys)[c] + L-methionyl-tRNA(met)[c] + L-phenylalanyl-tRNA(phe)[c] + L-prolyl-tRNA(pro)[c] + L-seryl-tRNA(ser)[c] + L-threonyl-tRNA(thr)[c] + L-tryptophanyl-tRNA(trp)[c] + L-tyrosyl-tRNA(tyr)[c] + L-valyl-tRNA(val)[c] => ADP[c] + apocytochrome-C[c] + H+[c] + Pi[c] + tRNA(ala)[c] + tRNA(arg)[c] + tRNA(asn)[c] + tRNA(asp)[c] + tRNA(cys)[c] + tRNA(gln)[c] + tRNA(glu)[c] + tRNA(gly)[c] + tRNA(his)[c] + tRNA(ile)[c] + tRNA(leu)[c] + tRNA(lys)[c] + tRNA(met)[c] + tRNA(phe)[c] + tRNA(pro)[c] + tRNA(ser)[c] + tRNA(thr)[c] + tRNA(trp)[c] + tRNA(tyr)[c] + tRNA(val)[c]",NA,"Protein assembly","cytosol",NA,NA,"up"
"257","MAR05173","ALL","9.24396816545855e-12","5.78893492119929e-12","-2.08494224768101","0.0431534746004433",-1.36498423033006,"HMR_5173","ATP[c] + glycyl-tRNA(gly)[c] + H2O[c] + L-alanyl-tRNA(ala)[c] + L-arginyl-tRNA(arg)[c] + L-asparaginyl-tRNA(asn)[c] + L-aspartyl-tRNA(asp)[c] + L-cysteinyl-tRNA(cys)[c] + L-glutaminyl-tRNA(gln)[c] + L-glutamyl-tRNA(glu)[c] + L-histidyl-tRNA(his)[c] + L-isoleucyl-tRNA(ile)[c] + L-leucyl-tRNA(leu)[c] + L-lysyl-tRNA(lys)[c] + L-methionyl-tRNA(met)[c] + L-phenylalanyl-tRNA(phe)[c] + L-prolyl-tRNA(pro)[c] + L-seryl-tRNA(ser)[c] + L-threonyl-tRNA(thr)[c] + L-tyrosyl-tRNA(tyr)[c] + L-valyl-tRNA(val)[c] => ADP[c] + H+[c] + Pi[c] + PPARA[c] + tRNA(ala)[c] + tRNA(arg)[c] + tRNA(asn)[c] + tRNA(asp)[c] + tRNA(cys)[c] + tRNA(gln)[c] + tRNA(glu)[c] + tRNA(gly)[c] + tRNA(his)[c] + tRNA(ile)[c] + tRNA(leu)[c] + tRNA(lys)[c] + tRNA(met)[c] + tRNA(phe)[c] + tRNA(pro)[c] + tRNA(ser)[c] + tRNA(thr)[c] + tRNA(tyr)[c] + tRNA(val)[c]",NA,"Protein assembly","cytosol",NA,NA,"down"
"262","MAR05233","ALL","0.649946519602464","0.493051737203698","-2.02300958842637","0.0493510533295723",-1.30670357348393,"HMR_5233","HDL remnant[l] => apoA1[l] + H+[l] + PC-LD pool[l] + PE-LD pool[l] + PS-LD pool[l] + SM pool[l]",NA,"Pool reactions","lysosome",NA,NA,"down"
"264","MAR05261","ALL","0.0952154243603121","0.0325650800197529","-2.09131726012117","0.0428572911677172",-1.36797528238637,"r1336","antichymotrypsin[l] + ATP[l] + H2O[l] => ADP[l] + alanine[l] + arginine[l] + asparagine[l] + aspartate[l] + cysteine[l] + glutamate[l] + glutamine[l] + glycine[l] + H+[l] + histidine[l] + isoleucine[l] + leucine[l] + lysine[l] + methionine[l] + phenylalanine[l] + Pi[l] + proline[l] + serine[l] + threonine[l] + tryptophan[l] + tyrosine[l] + valine[l]",NA,"Protein degradation","lysosome","CTSA or CTSG or LGMN or CTSZ or CTSH or CTSC or CTSD or NAPSA or CTSL or CTSV or CTSK or CTSS or CTSB or TPP1 or CTSW or CTSF or CTSE or CTSO",NA,"down"
"265","MAR05287","ALL","0.00586714204531292","0.0149101435995711","2.26275633654081","0.0310101446296775",1.50849620823141,"HMR_5287","apocytochrome-C[l] + ATP[l] + H2O[l] => ADP[l] + alanine[l] + arginine[l] + asparagine[l] + aspartate[l] + cysteine[l] + glutamate[l] + glutamine[l] + glycine[l] + H+[l] + histidine[l] + isoleucine[l] + leucine[l] + lysine[l] + methionine[l] + phenylalanine[l] + Pi[l] + proline[l] + serine[l] + threonine[l] + tryptophan[l] + tyrosine[l] + valine[l]",NA,"Protein degradation","lysosome","CTSA or CTSG or LGMN or CTSZ or CTSH or CTSC or CTSD or NAPSA or CTSL or CTSV or CTSK or CTSS or CTSB or TPP1 or CTSW or CTSF or CTSE or CTSO",NA,"up"
"266","MAR05323","ALL","0.0347523617778763","0.25246797128769","2.26426807431007","0.0315879676992233",1.50047831475345,"FAOXC16BRx","ATP[x] + CoA[x] + Phytanate[x] => AMP[x] + phytanoyl-CoA[x] + PPi[x]","Fatty Acid Activation (C16Br), Peroxisomal","Fatty acid oxidation","peroxizome","SLC27A2","PMID:11591435","up"
"270","MAR05991","ALL","6.34903135529045e-09","-1.20342125195441e-07","-2.28218422556955","0.03238875080851",-1.48960580183338,"FAOXC5C5DCc","H+[c] + L-carnitine[c] + glutaryl-CoA[c] <=> CoA[c] + Glutaryl Carnitine[c]","Production of Glutaryl Carnitine","Fatty acid oxidation","cytosol","CPT1A or CPT1C or CPT1B","PMID:16602100","down"
"279","MAR06376","ALL","0.139967194630379","0.0350853605217844","-2.24932412416885","0.0320001591955698",-1.49484786113055,"FAOXOHMC10DC10c","H2O[c] + NAD+[c] + W-Hydroxydecanoicacid[c] => H+[c] + NADH[c] + Sebacicacid[c]","Fatty Acid Omega Oxidation (W-Ohmc10->Dc10)","Fatty acid oxidation","cytosol","ALDH3A2 and ADH5",NA,"down"
"280","MAR06485","ALL","6.35000044478359e-09","-1.20341804101976e-07","-2.28219187221669","0.0323882263505242",-1.4896128342458,"GLUTCOAACBP","glutaryl-CoA[m] <=> glutaryl-CoA[c]","Transport of Glutaryl Coenzyme A from Mitochondria into Cytosol","Fatty acid oxidation","cytosol, mitochondria","DBI","PMID:20511713;PMID:11859412;PMID:16908521;PMID:8001684","down"
"281","MAR06560","ALL","1.05457242128556","0.631343480153441","-2.44190326434888","0.0195048810355407",-1.70985669419945,"MI145PP","D-myo-inositol-1,4,5-trisphosphate[c] + H2O[c] => 1D-myo-inositol-1,4-bisphosphate[c] + Pi[c]","D-myo-Inositol-1,4,5-trisphosphate 5-phosphohydrolase","Inositol phosphate metabolism","cytosol","INPP5A or INPP5K or INPP5J",NA,"down"
"282","MAR06571","ALL","1.17978422969039","0.83941540942147","-2.98439523536949","0.0046578086557213",-2.33181835639199,"MI3PP","1D-myo-inositol-3-phosphate[c] + H2O[c] => inositol[c] + Pi[c]","1D-myo-inositol 3-phosphate phosphohydrolase","Inositol phosphate metabolism","cytosol","BPNT2 or IMPA1 or IMPA2",NA,"down"
"283","MAR06572","ALL","0.812055969485045","0.355294741469724","-3.43775351925049","0.00132031876108893",-2.8793212055597,"HMR_6572","glucose-6-phosphate[c] => 1D-myo-inositol-3-phosphate[c]","1D-myo-inositol-3-phosphate lyase (isomerizing)","Inositol phosphate metabolism","cytosol","ISYNA1",NA,"down"
"284","MAR06724","ALL","0.105750267035193","-0.0532810322853062","-2.10831963868006","0.0412403981049779",-1.38467715100344,"OMHDEACIDTD","W-Hydroxydecanoicacid[r] <=> W-Hydroxydecanoicacid[c]","Transport of W-Hydroxydecanoic Acid by Diffusion","Fatty acid oxidation","cytosol, endoplasmic reticulum",NA,"PMID:10331655;PMID:11478366","down"
"285","MAR06767","ALL","1.34562288889156e-11","9.1842218902596e-11","2.21716070584835","0.0365292082268952",1.43735974104888,"MAR06767","3-methoxy-4-hydroxyphenylacetaldehyde[c] + H2O[c] + NADP+[c] => H+[c] + homovanillate[c] + NADPH[c]","3-Methoxy-4-hydroxyphenylacetaldehyde:NADP+ oxidoreductase","Phenylalanine, tyrosine and tryptophan biosynthesis","cytosol","ALDH3B1 or ALDH3A1 or ALDH3B2 or ALDH1A3","PMID:1898068","up"
"286","MAR06771","ALL","2.85332148108868e-13","1.86736460647645e-14","-2.16469662522347","0.0410174054988494",-1.38703181381574,"HMR_6771","4-hydroxyphenylpyruvate[c] => 2-hydroxy-3-(4-hydroxyphenyl)propenoate[c]","3-(4-Hydroxyphenyl)pyruvate keto-enol-isomerase","Phenylalanine, tyrosine and tryptophan biosynthesis","cytosol","MIF",NA,"down"
"287","MAR06776","ALL","0.00438680960283913","0.0342200773214926","2.30499686543774","0.0300105832861147",1.52272556353952,"MACACI","4-maleylacetoacetate[c] => fumarylacetoacetate[c]","4-Maleylacetoacetate cis-trans-isomerase","Phenylalanine, tyrosine and tryptophan biosynthesis","cytosol","GSTZ1",NA,"up"
"288","MAR06778","ALL","0.0128515779595191","0.0413929928411026","2.07464335953004","0.0474515869044588",1.32374925905701,"FUMAC","fumarylacetoacetate[c] + H2O[c] => acetoacetate[c] + fumarate[c] + H+[c]","4-fumarylacetoacetate fumarylhydrolase","Phenylalanine, tyrosine and tryptophan biosynthesis","cytosol","FAH","PMID:8364576","up"
"289","MAR06828","ALL","2.78938834795949e-12","1.48577415640079e-12","-2.38908837760503","0.0214238967635217",-1.66910153308509,"RE0923C","3,3-diiodo-L-thyronine[c] + UDP-glucuronate[c] => 3,3-diiodo-L-thyronine-beta-D-glucuronoside[c] + H+[c] + UDP[c]",NA,"Phenylalanine, tyrosine and tryptophan biosynthesis","cytosol","UGT2B10 or UGT2A3 or UGT2B28 or UGT3A1 or UGT2B4 or UGT1A6 or UGT3A2 or UGT2B7 or UGT2A1 or UGT2B15 or UGT2B17 or UGT2B11 or UGT1A5 or UGT1A9 or UGT1A1 or UGT1A8 or UGT1A10 or UGT1A3 or UGT1A7 or UGT1A4","PMID:7263841","down"
"290","MAR06848","ALL","3.27346504269599e-13","3.24037349337907e-12","2.24953386183815","0.0297145447352502",1.52703091930055,"HMR_6848","3,5-diiodo-L-thyronine[c] + NADPH[c] <=> 3-monoiodo-L-thyronine[c] + iodide[c] + NADP+[c]",NA,"Phenylalanine, tyrosine and tryptophan biosynthesis","cytosol","DIO2 or DIO1",NA,"up"
"291","MAR06881","ALL","1.72392157272657e-12","5.86597713123698e-13","-2.39156099463131","0.0220539708498999",-1.65651320379525,"RE2028C","3,4-dihydro-1,4-benzothiazine-3-carboxylate[c] => benzothiazine[c] + CO2[c] + H+[c]",NA,"Phenylalanine, tyrosine and tryptophan biosynthesis","cytosol",NA,"PMID:10806337;PMID:10490271","down"
"293","MAR07166","ALL","2.33730875802835e-12","4.68941029039503e-12","2.27047336889566","0.0287957956100023",1.54067091768069,"HMR_7166","[protein]-L-cysteine[c] + farnesyl-PP[c] => PPi[c] + S-farnesyl-protein[c]","farnesyl-diphosphate:protein-cysteine farnesyltransferase","Terpenoid backbone biosynthesis","cytosol","(FNTA and FNTB) or CHURC1-FNTB",NA,"up"
"294","MAR07167","ALL","2.05554967341018e-12","4.28129809926982e-12","2.44539498428209","0.0193962715287075",1.71228174481874,"HMR_7167","H2O[c] + S-farnesyl-protein[c] => [protein C terminal]-S-farnesyl-L-cysteine[c] + protein N terminal[c]","CAAX protease","Terpenoid backbone biosynthesis","cytosol","ZMPSTE24",NA,"up"
"295","MAR07235","ALL","0.396138057091814","0.155106225758472","-2.11826672808966","0.0408082194931915",-1.38925235355192,"GLCAASE1ly","H2O[l] + heparan sulfate, degradation product 9[l] => glucuronate[l] + heparan sulfate, degradation product 10[l]",NA,"Heparan sulfate degradation","lysosome","KL or GUSB",NA,"down"
"297","MAR07487","ALL","0.17144415245095","0.0164882906236485","-2.10976198716456","0.0454936985223194",-1.34204875469476,"S6TASE26ly","H2O[l] + keratan sulfate II (core 4-linked), degradation product 3[l] => H+[l] + keratan sulfate II (core 4-linked), degradation product 4[l] + sulfate[l]",NA,"Keratan sulfate degradation","lysosome","GNS",NA,"down"
"298","MAR07489","ALL","0.391304397366078","0.0869565228834478","-2.533114551438","0.0159131210981786",-1.79824463224653,"NACHEX26ly","H2O[l] + keratan sulfate II (core 4-linked), degradation product 4[l] => keratan sulfate II (core 2-linked), degradation product 5[l] + N-acetylglucosamine[l]",NA,"Keratan sulfate degradation","lysosome","HEXB or HEXD or HEXA",NA,"down"
"299","MAR07575","ALL","0.454139461112081","0.190182532011948","-2.26940841577256","0.0283752554153139",-1.54706022054905,"ENGASEly","de-Fuc form of PA6 (wo peptide linkage)[l] + H2O[l] => de-Fuc, GlcNAc removed PA6 (wo peptide linkage)[l] + N-acetylglucosamine[l]",NA,"N-glycan metabolism","lysosome","ENGASE",NA,"down"
"300","MAR07576","ALL","0.620570582789641","0.277109048334426","-2.49481403170279","0.0164598403387124",-1.78357438178186,"SIAASEly","de-Fuc, GlcNAc removed PA6 (wo peptide linkage)[l] + H2O[l] => l2n2m2mn[l] + N-acetylneuraminate[l]",NA,"N-glycan metabolism","lysosome","CTSA or NEU2 or NEU3 or GLB1 or NEU4 or NEU1",NA,"down"
"301","MAR07577","ALL","0.321217091846512","0.136164798693506","-2.26617227190409","0.0284910253143411",-1.54529192140468,"GALASE1ly","H2O[l] + l2n2m2mn[l] => galactose[l] + n2m2mn[l]",NA,"N-glycan metabolism","lysosome","CTSA and GALNS and GLB1 and NEU1",NA,"down"
"302","MAR07578","ALL","0.592664142075347","0.21655971662646","-2.95782105104834","0.00503858680471036",-2.29769125501831,"AHEXASEly","H2O[l] + n2m2mn[l] => (alpha-D-mannosyl)2-beta-D-mannosyl-N-acetylglucosamine[l] + N-acetylglucosamine[l]",NA,"N-glycan metabolism","lysosome","HEXB or HEXD or HEXA",NA,"down"
"303","MAR07803","ALL","0.859653827196071","5.7433713673109","2.11099202749242","0.045550695643245",1.34150498616155,"ADNK4","adenosine[c] + dGTP[c] => AMP[c] + dGDP[c] + H+[c]","Adenosine Kinase","Purine metabolism","cytosol",NA,"PMID:16816105;PMID:17403938","up"
"316","MAR08166","ALL","7.35073351307654","0.919855538854892","-2.32168019946582","0.0295847551682244",-1.52893202042209,"B3GALT41g","GA2[g] + UDP-galactose[g] => GA1[g] + H+[g] + UDP[g]",NA,"Sphingolipid metabolism","golgi apparatus","B3GALT4",NA,"down"
"317","MAR08167","ALL","7.36735578045526","0.919814892367513","-2.32924569477629","0.0291089041753602",-1.53597414356676,"ST3GAL21g","CMP-N-acetylneuraminate[g] + GA1[g] => CMP[g] + GM1b[g] + H+[g]",NA,"Sphingolipid metabolism","golgi apparatus","ST3GAL1 or ST3GAL4 or ST3GAL2",NA,"down"
"318","MAR08168","ALL","7.41507737972434","0.913669501969817","-2.32998763870669","0.0290555842745231",-1.53677038697276,"ST6GALNAC31","CMP-N-acetylneuraminate[g] + GM1b[g] => CMP[g] + GD1alpha[g] + H+[g]",NA,"Sphingolipid metabolism","golgi apparatus","ST6GALNAC5 or ST6GALNAC4 or ST6GALNAC6 or ST6GALNAC3",NA,"down"
"319","MAR08169","ALL","7.38737489951558","0.904060474852475","-2.32108803407922","0.0296168476310276",-1.52846116895145,"ST6GALNAC25","CMP-N-acetylneuraminate[g] + GD1alpha[g] => CMP[g] + GT1aalpha[g] + H+[g]",NA,"Sphingolipid metabolism","golgi apparatus","ST6GALNAC2",NA,"down"
"321","MAR08450","ALL","-104.16828205621","104.436063568231","2.22760652492295","0.0310808771487939",1.50750673325897,"CYTK11","dCDP[c] + dGDP[c] <=> dCMP[c] + dGTP[c]",NA,"Nucleotide metabolism","cytosol","CMPK1",NA,"up"
"322","MAR08485","ALL","63.2228052021081","41.0670269782341","-2.21980461553538","0.031663484729778",-1.49944129049603,"NDP7g","H2O[g] + UDP[g] => H+[g] + Pi[g] + UMP[g]","UDP phosphohydrolase","Nucleotide metabolism","golgi apparatus","CANT1 or ENTPD4 or ENTPD6",NA,"down"
"323","MAR08487","ALL","252.500262957005","140.732669781789","-2.09555979974133","0.0432490363634465",-1.36402356465466,"NTD2e","H2O[e] + UMP[e] => Pi[e] + uridine[e]","uridine 5'-monophosphate phosphohydrolase","Nucleotide metabolism","extracellular","NT5C3A or NT5E",NA,"down"
"325","MAR08634","ALL","0.00605005525874265","0.0222075423042796","2.09821242390044","0.0473099851713735",1.3250471880747,"BILIRED","biliverdin[c] + H+[c] + NADPH[c] => bilirubin[c] + NADP+[c]","Bilirubin:NADP+ oxidoreductase","Porphyrin metabolism","cytosol","BLVRB or BLVRA",NA,"up"
"326","MAR08717","ALL","0.00164612531083246","0.00391520564140692","2.15078213883908","0.0391065984513725",1.40774995796873,"UGT1A5r2","13-cis-retinoate[r] + UDP-glucuronate[r] => 13-cis-retinoyl-glucuronide[r] + UDP[r]",NA,"Retinol metabolism","endoplasmic reticulum","UGT1A1 or UGT1A8 or UGT1A10",NA,"up"
"328","MAR08806","ALL","1.12471676701479","0.513665774056263","-3.39019619688911","0.00165798439371819",-2.78041956169526,"MI14P4P","1D-myo-inositol-1,4-bisphosphate[c] + H2O[c] => inositol-1-phosphate[c] + Pi[c]",NA,"Inositol phosphate metabolism","cytosol",NA,NA,"down"
"342","MAR09058","ALL","666.829512429819","386.81186461206","-2.05164688640366","0.0468215193917646",-1.32955449724442,"EX_co2[e]","CO2[e] <=> ",NA,"Exchange/demand reactions","extracellular",NA,NA,"down"
"343","MAR09084","ALL","17.562563384632","8.67894044055057","-2.08964473030118","0.0430023622218392",-1.36650768693828,"EX_etha[e]","ethanolamine[e] <=> ",NA,"Exchange/demand reactions","extracellular",NA,NA,"down"
"344","MAR09144","ALL","0.446435611481605","0.261351346216293","-2.77625430835102","0.00845706270740002",-2.07278044919154,"EX_pydxn[e]","pyridoxine[e] <=> ",NA,"Exchange/demand reactions","extracellular",NA,NA,"down"
"346","MAR09204","ALL","0.0607369381885391","0.012162234847941","-2.34493061598953","0.0236460535781587",-1.62624133070811,"MAR09204","glycophosphatidylinositol-(GPI)-anchored-protein-precursor[e] <=> ",NA,"Exchange/demand reactions","extracellular",NA,NA,"down"
"347","MAR09242","ALL","14.5275246362633","8.12847756468436","-2.39989088131417","0.0212589442710059",-1.67245830654183,"EX_acald[e]","acetaldehyde[e] <=> ",NA,"Exchange/demand reactions","extracellular",NA,NA,"down"
"348","MAR09291","ALL","-0.0979059584213618","-0.0153050180135937","2.20127351832734","0.0330699559458995",1.48056638363076,"EX_csn[e]","cytosine[e] <=> ",NA,"Exchange/demand reactions","extracellular",NA,NA,"up"
"349","MAR09325","ALL","-0.109082199253982","-0.0753462665905761","2.50888061106156","0.0160987591663936",1.79320759651196,"EX_fucfucfucgalacglc13galacglcgal14acglcgalgluside_hs[e]","fucfucfucgalacglc13galacglcgal14acglcgalgluside heparan sulfate[e] <=> ",NA,"Exchange/demand reactions","extracellular",NA,NA,"up"
"350","MAR09392","ALL","1.73652590808196e-12","2.85038737513345e-12","2.33284376054772","0.0243137344461699",1.61414833096313,"EX_phyQ[e]","phylloquinone[e] <=> ",NA,"Exchange/demand reactions","extracellular",NA,NA,"up"
"351","MAR09399","ALL","0.259988995002751","0.396080254055105","2.16860475648093","0.0379138133308592",1.42120253250149,"EX_pydam[e]","pyridoxamine[e] <=> ",NA,"Exchange/demand reactions","extracellular",NA,NA,"up"
"352","MAR09420","ALL","19.7880062246061","-52.047110844246","-2.11616465465169","0.0425819442169839",-1.37077451331969,"EX_tcynt[e]","thiocyanate[e] <=> ",NA,"Exchange/demand reactions","extracellular",NA,NA,"down"
"353","MAR09439","ALL","252.500261267292","140.732653962474","-2.09555998944611","0.0432490179857185",-1.3640237491986,"EX_uri[e]","uridine[e] <=> ",NA,"Exchange/demand reactions","extracellular",NA,NA,"down"
"354","MAR09488","ALL","0.695652175151732","0.956521740219501","2.43114124292466","0.0211691906461282",1.67429574588421,"HMR_9488","[phosphorylase B][c] + ATP[c] => [phosphorylase A][c] + ADP[c]","ATP:phosphorylase-b phosphotransferase","Isolated","cytosol","(PHKA1 and PHKB and PHKG1) or PHKA2 or CALM2 or PHKG2 or CALM3 or CALM1",NA,"up"
"355","MAR09500","ALL","-2.56604928798323e-12","-7.58206191205876e-13","2.13514135052236","0.0385987841017408",1.41342637580031,"HMR_9500","[protein]-L-isoaspartate-methyl ester[c] + H+[c] + SAH[c] <=> [protein]-L-isoaspartate[c] + SAM[c]","S-Adenosyl-L-methionine:protein-L-isoaspartate O-methyltransferase","Isolated","cytosol","PCMT1",NA,"up"
"356","MAR09504","ALL","-6.8435854164458e-13","2.72451048042707e-13","2.63896532456546","0.0114586437890833",1.94086678112708,"HMR_9504","6-methylmercaptopurine[c] + H+[c] + SAH[c] <=> SAM[c] + thiopurine[c]","S-Adenosyl-L-methionine:thiopurine S-methyltransferase","Isolated","cytosol","TPMT",NA,"up"
"357","MAR09553","ALL","3.22460898714933e-12","1.9874644568573e-12","-2.49185352419539","0.0166077801498104",-1.77968841288969,"PCLYSOX","AKG[c] + O2[c] + procollagen-L-lysine[c] => CO2[c] + procollagen-5-hydroxy-L-lysine[c] + succinate[c]",NA,"Isolated","cytosol","PLOD1 or PLOD3 or PLOD2",NA,"down"
"360","MAR09696","ALL","0.302340597893688","-0.018955676908332","-2.46354670806204","0.0187383105800371",-1.72726956706838,"EX_M01881[e]","G00079[e] <=> ",NA,"Exchange/demand reactions","extracellular",NA,NA,"down"
"361","MAR09703","ALL","-0.0607369381869566","-0.0121622348467064","2.34493061596677","0.0236460535794285",1.62624133068479,"EX_gpi_sig[e]","gpi_sig[e] <=> ",NA,"Exchange/demand reactions","extracellular",NA,NA,"up"
"364","MAR09844","ALL","6.37316724807024e-07","-2.77872506995025e-06","-2.28793139598256","0.027759998097867",-1.55658056797532,"EX_cala[e]","3-ureidopropionate[e] <=> ","Exchange of N-Carbamoyl-Beta-Alaninate","Exchange/demand reactions","extracellular",NA,NA,"down"
"366","MAR09940","ALL","-0.247378513273877","-0.112016427206315","2.10084203510912","0.0428359403017095",1.3681916953591,"HMCRNc","carbamoyl-phosphate[c] + lysine[c] <=> H+[c] + Pi[c] + Homocitrulline[c]","Formation of Homocitrulline","Lysine metabolism","cytosol",NA,"PMID:21962087","up"
"367","MAR10035","ALL","-18.9726000859373","-33.3635826568853","-2.13402846069964","0.0386788844190232",-1.41252606038141,"MAR10035","1-acylglycerol-3P-10,13,16,19-doco[c] + 1-acylglycerol-3P-10,13,16-docosa[c] + 1-acylglycerol-3P-10-heptade[c] + 1-acylglycerol-3P-11,14,17-eico[c] + 1-acylglycerol-3P-11,14-eicosa[c] + 1-acylglycerol-3P-11-docose[c] + 1-acylglycerol-3P-11-eico[c] + 1-acylglycerol-3P-12,15,18,21-tetra[c] + 1-acylglycerol-3P-13,16,19-doco[c] + 1-acylglycerol-3P-13,16-docosa[c] + 1-acylglycerol-3P-13-docose[c] + 1-acylglycerol-3P-13-eicose[c] + 1-acylglycerol-3P-13-octade[c] + 1-acylglycerol-3P-15-tetra[c] + 1-acylglycerol-3P-5,8,11-eico[c] + 1-acylglycerol-3P-5-tetrade[c] + 1-acylglycerol-3P-6,9,12,15,18,21-tetra[c] + 1-acylglycerol-3P-6,9,12,15,18-tetraco[c] + 1-acylglycerol-3P-6,9-octa[c] + 1-acylglycerol-3P-7-hexade[c] + 1-acylglycerol-3P-7-octade[c] + 1-acylglycerol-3P-7-tetrade[c] + 1-acylglycerol-3P-8,11-eico[c] + 1-acylglycerol-3P-9,12,15,18,21-tetra[c] + 1-acylglycerol-3P-9,12,15,18-tetraco[c] + 1-acylglycerol-3P-9-eicose[c] + 1-acylglycerol-3P-9-heptade[c] + 1-acylglycerol-3P-9-octade[c] + 1-acylglycerol-3P-9-tetrade[c] + 1-acylglycerol-3P-docosa[c] + 1-acylglycerol-3P-eico[c] + 1-acylglycerol-3P-heneico[c] + 1-acylglycerol-3P-heptade[c] + 1-acylglycerol-3P-hexacosa[c] + 1-acylglycerol-3P-hexecose[c] + 1-acylglycerol-3P-laur[c] + 1-acylglycerol-3P-nanode[c] + 1-acylglycerol-3P-pentade[c] + 1-acylglycerol-3P-tetraco[c] + 1-acylglycerol-3P-trico[c] + 1-acylglycerol-3P-tridec[c] + 1-acylglycerol-3P pool[c] <=> 1-acylglycerol-3P-4,7,10,13,16,19-doco[c] + 1-acylglycerol-3P-4,7,10,13,16-docosa[c] + 1-acylglycerol-3P-5,8,11,14,17-eico[c] + 1-acylglycerol-3P-6,9,12,15-octa[c] + 1-acylglycerol-3P-7,10,13,16,19-docosa[c] + 1-acylglycerol-3P-7,10,13,16-docosa[c] + 1-acylglycerol-3P-8,11,14,17-eico[c] + 1-acylglycerol-3P-arach[c] + 1-acylglycerol-3P-cis-vac[c] + 1-acylglycerol-3P-dihomo-gamma[c] + 1-acylglycerol-3P-gamma-lin[c] + 1-acylglycerol-3P-lin[c] + 1-acylglycerol-3P-linolen[c] + 1-acylglycerol-3P-myrist[c] + 1-acylglycerol-3P-ol[c] + 1-acylglycerol-3P-palm[c] + 1-acylglycerol-3P-palmn[c] + 1-acylglycerol-3P-stea[c]","1-acylglycerol-3-phosphate pool formation and breakdown","Pool reactions","cytosol",NA,NA,"down"
"372","MAR10249","ALL","-0.247378513272467","-0.112016427205214","2.10084203510139","0.0428359403024377",1.36819169535172,"EX_hmcr[e]","Homocitrulline[e] <=> ","Exchange of Homocitrulline","Exchange/demand reactions","extracellular",NA,NA,"up"
"373","MAR10275","ALL","-1.6278288284654e-12","-1.08120287252632e-12","2.04573728419214","0.0468334179488181",1.32944414582365,"EX_pcholdoc_hs[e]","1-Docosahexaenoylglycerophosphocholine[e] <=> ","Exchange of 1-Docosahexaenoylglycerophosphocholine","Exchange/demand reactions","extracellular",NA,NA,"up"
"374","MAR10303","ALL","-1.26512266097343e-12","-4.90293360322426e-13","2.76195524231427","0.00835500510259803",2.07805328053666,"EX_pe13_hs[e]","1-Tridecanoylglycerophosphoethanolamine (C13:0 Pe)[e] <=> ","Exchange of 1-Tridecanoylglycerophosphoethanolamine (C13:0 Pe)","Exchange/demand reactions","extracellular",NA,NA,"up"
"375","MAR10321","ALL","0.178310581203622","0.0329386952206549","-2.16284375598456","0.0365375913200946",-1.43726008618083,"EX_sebacid[e]","Sebacicacid[e] <=> ","Exchange of Sebacic Acid","Exchange/demand reactions","extracellular",NA,NA,"down"
"377","MAR10406","ALL","-197.178979420618","4.83723558953495","2.52579459834781","0.0160648553305065",1.79412318106457,"TXB2c","H2O[c] + thromboxane A2[c] <=> thromboxane B2[c]","Formation of Thromboxane B2","Eicosanoid metabolism","cytosol",NA,"PMID:21962087","up"
"379","MAR10576","ALL","-0.271196988252007","0.0145914734129724","2.39819025618145","0.0211960533409684",1.67374499623173,"EX_glyvalhis[e]","Glycyl-Valyl-Histidine[e] <=> ","Exchange of GlyValHis","Exchange/demand reactions","extracellular",NA,NA,"up"
"380","MAR10666","ALL","-0.243956561099173","0.0623798727527445","2.15609827793862","0.0368230917527834",1.43387974992211,"EX_provalgln[e]","Prolyl-Valyl-Glutamine[e] <=> ","Exchange of ProValGln","Exchange/demand reactions","extracellular",NA,NA,"up"
"387","MAR11309","ALL","1.15545405945072e-12","7.78618304577006e-13","-2.08142678690217","0.0433706230504781",-1.36280433885098,"BANDMT","SAM[c] + Band Membrane Protein (Universal, Erythrocyte --> 2.1,3,4.1)[c] <=> H+[c] + SAH[c] + Band Membrane Protein (Methylated, Universal, Erythrocyte -> 2.1,3,4.1)[c]","Band Membrane Protein-Methyltransferase","Miscellaneous","cytosol",NA,"PMID:21749716","down"
"388","MAR11344","ALL","0.320444696626083","0.653499990929751","2.21499532893579","0.0320138890902561",1.49466156397389,"EX_s2l2n2m2m[e]","de-Fuc form of PA6 (wo peptide linkage)[e] <=> ","Exchange of De-Fuc Form of Pa6 (W/O Peptide Linkage)","Exchange/demand reactions","extracellular",NA,NA,"up"
"391","MAR11441","ALL","0.681085308136963","0.57210429203822","-2.26620302327168","0.0284613311436379",-1.54574479171424,"EX_lanost[e]","lanosterol[e] <=> ","Exchange of Lanosterol","Exchange/demand reactions","extracellular",NA,NA,"down"
"392","MAR11461","ALL","-0.0411415871406328","-0.0629628418149898","-2.12395290508038","0.039494048825228",-1.4034683412617,"EX_actyr[e]","N-Acetyl-Tyrosine[e] <=> ","Exchange of N-Acetyl-Tyrosine","Exchange/demand reactions","extracellular",NA,NA,"down"
"393","MAR11486","ALL","0.0364130562269474","0.382861814774066","2.47839296319487","0.0175914221548946",1.75469904916923,"2M3OVCOAm","propanoyl-CoA[m] <=> CoA[m] + 2-Methyl-3-Oxo-Valeryl Coenzyme A[m]","Formation of 2-Methyl-3-Oxo-Valeryl Coa","Propanoate metabolism","mitochondria","ACAT1",NA,"up"
"394","MAR11487","ALL","0.0676692416377779","0.23311019255318","2.18129122207648","0.0356301270630757",1.44818262887845,"2M3OVACm","H2O[m] + 2-Methyl-3-Oxo-Valeryl Coenzyme A[m] => CoA[m] + H+[m] + 2-Methyl-3-Oxo-Valerate[m]","Formation of 2-Methyl-3-Oxo-Valerate","Propanoate metabolism","mitochondria",NA,NA,"up"
"396","MAR11489","ALL","-0.0378187894761015","0.168069328239281","2.29839292134555","0.0271643833291964",1.56600014963144,"2M3HVACc","H+[c] + NADH[c] + 2-Methyl-3-Oxo-Valerate[c] <=> NAD+[c] + 2-Methyl-3-Hydroxy-Valerate[c]","Formation of 2-Methyl-3-Hydroxy-Valerate","Propanoate metabolism","cytosol",NA,NA,"up"
"398","MAR11491","ALL","-0.0378187894759","0.168069328239703","2.29839292134596","0.0271643833291695",1.56600014963187,"EX_2m3hvac[e]","2-Methyl-3-Hydroxy-Valerate[e] <=> ","Exchange of 2-Methyl-3-Hydroxy-Valerate","Exchange/demand reactions","extracellular",NA,NA,"up"
"402","MAR12077","ALL","7.57735657402973e-13","3.13852938428243e-13","-2.91650549322831","0.00572348241489378",-2.24233964719023,"NEU38n","H2O[n] + GD1a[n] => N-acetylneuraminate[n] + Ganglioside Gm1[n]","Sialidase, Nucleus (Neu3 Or Neu1)","Sphingolipid metabolism","nucleus","NEU3 or NEU1",NA,"down"
"403","MAR12111","ALL","1.2034553187274e-13","8.95892579141594e-15","-2.58737078221787","0.0164354200088166",-1.78421919300124,"PHSGPL11c","Phytosphingosine-1-Phosphate[c] => ethanolamine-phosphate[c] + 2-Hydroxyhexadecanal[c]","Sphingosine-1-Phosphate Lyase 1 (Phytosphingosine-1-Phosphate, Cytosol)","Sphingolipid metabolism","cytosol",NA,NA,"down"
"404","MAR12126","ALL","-0.320444696624622","-0.653499990927478","-2.21499532893199","0.0320138890905358",-1.4946615639701,"S2L2N2M2Mtl","de-Fuc form of PA6 (wo peptide linkage)[c] <=> de-Fuc form of PA6 (wo peptide linkage)[l]","Transport of De-Fuc Form of Pa6, Lysosomal","Miscellaneous","cytosol, lysosome",NA,NA,"down"
"407","MAR12188","ALL","0.0134270561906425","0.0369134317791427","2.10494176915898","0.0419479389194265",1.37728937304529,"DCA24GSr","3alpha,12alpha-dihydroxy-5beta-cholanate[r] + UDP-glucuronate[r] => UDP[r] + Deoxycholic acid-24glucuronide, CDA-24G[r]","UDP-Glucuronosyltransferase (UGT) ER (deoxycholic acid)","Bile acid biosynthesis","endoplasmic reticulum","UGT2B7 or UGT2A1","PMID:23756265;PMID:21995321","up"
"409","MAR12192","ALL","0.0134270561737701","0.0369134317132727","2.10494176651581","0.0419479391653811",1.37728937049888,"DCA3GSr","3alpha,12alpha-dihydroxy-5beta-cholanate[r] + UDP-glucuronate[r] => UDP[r] + Deoxycholic acid-3glucuronide, CDA-3G[r]","UDP-Glucuronosyltransferase (UGT) ER (deoxycholic acid)","Bile acid biosynthesis","endoplasmic reticulum","UGT2B7 or UGT2A1","PMID:23756265;PMID:21995321","up"
"411","MAR12210","ALL","-0.152971513862097","-0.115317080282665","2.05979440749834","0.0455280836032661",1.3417206299036,"EX_dca24g[e]","Deoxycholic acid-24glucuronide, CDA-24G[e] <=> ","EX_dca24g(e)","Exchange/demand reactions","extracellular",NA,NA,"up"
"412","MAR12211","ALL","-0.152971513764205","-0.115317080216208","2.05979440360291","0.0455280839941035",1.34172062617539,"EX_dca3g[e]","Deoxycholic acid-3glucuronide, CDA-3G[e] <=> ","EX_dca3g(e)","Exchange/demand reactions","extracellular",NA,NA,"up"
"419","MAR12299","ALL","1.2806485312131e-12","5.16824242075465e-13","-2.53734465925064","0.0163041269873085",-1.78770245075224,"TUDCASULT","PAPS[c] + tauroursodeoxycholate[c] => H+[c] + PAP[c] + Tauroursodeoxycholic acid 3-sulfate[c]","Tauroursodeoxycholic acid sulfotransferase","Bile acid biosynthesis","cytosol","SULT2A1","PMID:16949895;PMID:19131563;PMID:25210150","down"
"420","MAR12344","ALL","0.304347832029177","0.608695664856501","2.1282415347253","0.0389748120127636",1.40921597086693,"2HATVACIDteb","ATP[c] + H2O[c] + 2-hydroxy-atorvastatin-acid / ortho-hydroxy-atorvastatin acid[c] => ADP[c] + H+[c] + Pi[c] + 2-hydroxy-atorvastatin-acid / ortho-hydroxy-atorvastatin acid[e]","efflux of 2-hydroxy-atorvastatin-acid into bile","Drug metabolism","extracellular, cytosol","ABCC2 or ABCB1","PMID:17470524;PMID:16258024","up"
"421","MAR12350","ALL","0.304347833034799","0.608695662488218","2.12824150314211","0.0389748147756691",1.40921594008001,"2HATVLACteb","ATP[c] + H2O[c] + 2-hydroxy-atorvastatin-lactone / ortho-hydroxy-atorvastatin lactone[c] => ADP[c] + H+[c] + Pi[c] + 2-hydroxy-atorvastatin-lactone / ortho-hydroxy-atorvastatin lactone[e]","efflux of 2-hydroxy-atorvastatin-lactone into bile","Drug metabolism","extracellular, cytosol","ABCC2 or ABCB1","PMID:17470524;PMID:16258024","up"
"422","MAR12372","ALL","0.0275428644537615","0.0566552479293858","2.10251523339509","0.0430638792683566",1.365886850756,"3HPVSTETCOAhcx","CoA[x] + H2O[x] + NAD+[x] + O2[x] + 3'-S-hydroxy-pravastatin-CoA[x] => acetyl-CoA[x] + H+[x] + H2O2[x] + NADH[x] + 3'-S-hydroxy-pravastatin-tetranor-CoA[x]","beta oxidation of 3-S-hydroxy-pravastatin-CoA to tetranor-CoA in hepatocytes, peroxisomes","Drug metabolism","peroxizome","ACAA1 or EHHADH or HSD17B4 or ACOX1","PMID:1680649","up"
"423","MAR12394","ALL","0.304347836992195","0.608695670877365","2.12824154520594","0.0389748110834257",1.4092159812225,"4HATVACIDteb","ATP[c] + H2O[c] + 4-hydroxy-atorvastatin-acid / para-hydroxy-atorvastatin acid[c] => ADP[c] + H+[c] + Pi[c] + 4-hydroxy-atorvastatin-acid / para-hydroxy-atorvastatin acid[e]","efflux of 4-hydroxy-atorvastatin-acid into bile","Drug metabolism","extracellular, cytosol","ABCC2 or ABCB1","PMID:17470524;PMID:16258024","up"
"424","MAR12399","ALL","0.304347830394602","0.608695658786386","2.12824149337237","0.0389748156369935",1.40921593048231,"4HATVLACteb","ATP[c] + H2O[c] + 4-hydroxy-atorvastatin-lactone / para-hydroxy-atorvastatin lactone[c] => ADP[c] + H+[c] + Pi[c] + 4-hydroxy-atorvastatin-lactone / para-hydroxy-atorvastatin lactone[e]","efflux of 4-hydroxy-atorvastatin-lactone into bile","Drug metabolism","extracellular, cytosol","ABCC2 or ABCB1","PMID:17470524;PMID:16258024","up"
"425","MAR12461","ALL","0.0869565258870429","0.391304352263027","2.53311402441733","0.0159131414086296",1.79824407794225,"ACMPtu","ATP[c] + H2O[c] + acetaminophen/paracetamol[c] => ADP[c] + H+[c] + Pi[c] + acetaminophen/paracetamol[e]","efflux of acetaminophen by P-gp from the enterocytes into lumen","Drug metabolism","extracellular, cytosol","ABCB1","PMID:16930294;PMID:20955690","up"
"426","MAR12469","ALL","-0.304347886712079","0.13043436770222","2.11031678448356","0.0407275811290887",1.39011138253576,"ACMPdt","acetaminophen/paracetamol[e] <=> acetaminophen/paracetamol[c]","uptake of acetaminophen by enterocytes","Drug metabolism","extracellular, cytosol",NA,"PMID:8165189;PMID:34689","up"
"427","MAR12510","ALL","-149.455925800667","5.25592209510102","2.62463412832105","0.0154188585013382",1.8119477770581,"ATVACIDOATPtu","HCO3-[c] + atorvastatin-acid[e] <=> HCO3-[e] + atorvastatin-acid[c]","uptake of atorvastatin by enterocytes","Drug metabolism","extracellular, cytosol","SLCO2B1",NA,"up"
"428","MAR12514","ALL","0.0942316346804193","0.399805626012881","2.51998135833858","0.0163756174334719",1.78580231619758,"ATVACIDtu","ATP[c] + H2O[c] + atorvastatin-acid[c] => ADP[c] + H+[c] + Pi[c] + atorvastatin-acid[e]","efflux of atorvastatin acid by P-gp from the enterocytes into lumen","Drug metabolism","extracellular, cytosol","ABCB1","PMID:10751037;PMID:15616150","up"
"429","MAR12523","ALL","0.0869565337301881","0.391304361121479","2.53311402287975","0.0159131413973142",1.79824407825106,"ATVLACtu","ATP[c] + H2O[c] + atorvastatin-lactone[c] => ADP[c] + H+[c] + Pi[c] + atorvastatin-lactone[e]","efflux of atorvastatin lactone by P-gp from the enterocytes into lumen","Drug metabolism","extracellular, cytosol","ABCB1","PMID:15616150","up"
"430","MAR12555","ALL","-0.0505521480073908","0.254654476743649","2.61803384536445","0.0129409626219419",1.88803341718755,"CSAtd","cyclosporine[e] <=> cyclosporine[c]","uptake of cyclosporine by the enterocytes","Drug metabolism","extracellular, cytosol",NA,"PMID:1540489","up"
"431","MAR12556","ALL","0.0869565239050431","0.391304350186776","2.53311402580796","0.015913141371517",1.79824407895511,"CSAtu","ATP[c] + H2O[c] + cyclosporine[c] => ADP[c] + H+[c] + Pi[c] + cyclosporine[e]","efflux of cyclosporine by P-gp from the enterocytes into lumen","Drug metabolism","extracellular, cytosol","ABCB1","PMID:20103563","up"
"432","MAR12632","ALL","9.77286113881584e-13","1.84474720141072e-12","2.27753065292469","0.0277126119576184",1.55732253934511,"EX_acmpglut[e]","acetaminophen-glutathione-conjugate[e] <=> ","exchange reaction for acetaminophen-glutathione-conjugate in intestinal lumen","Exchange/demand reactions","extracellular",NA,NA,"up"
"433","MAR12655","ALL","3.41447516231307e-13","-3.67412141182194e-13","-2.07589932075516","0.0439895623285967",-1.35665035898747,"EX_crvsm23[e]","cerivastatin-M23[e] <=> ","exchange reaction for cerivastatin-M23 in hepatic vein","Exchange/demand reactions","extracellular",NA,NA,"down"
"434","MAR12760","ALL","0.0869565332069963","0.391304361113673","2.53311402301579","0.0159131414394701",1.79824407710056,"LSTNtu","ATP[c] + H2O[c] + Losartan[c] => ADP[c] + H+[c] + Pi[c] + Losartan[e]","efflux of losartan by P-gp from the enterocytes into lumen","Drug metabolism","extracellular, cytosol","ABCB1","PMID:20103563","up"
"435","MAR12782","ALL","0.0869565314713295","0.39130435781716","2.53311401800633","0.0159131416123202",1.79824407238322,"LVSTPGPtu","ATP[c] + H2O[c] + lovastatin lactone form[c] => ADP[c] + H+[c] + Pi[c] + lovastatin lactone form[e]","efflux of lovastatin lactone by P-gp from the enterocytes into lumen","Drug metabolism","extracellular, cytosol","ABCB1","PMID:20103563","up"
"436","MAR12783","ALL","-0.0505521220269435","0.254654474172639","2.61803352946153","0.0129409726143414",1.88803308184601,"LVSTtu","lovastatin lactone form[e] <=> lovastatin lactone form[c]","uptake of lovastatin by enterocytes","Drug metabolism","extracellular, cytosol",NA,"PMID:16714062","up"
"437","MAR12785","ALL","-0.0505521314742116","0.254654506607382","2.61803397167358","0.0129409585141024",1.88803355504532,"MDZtd","Midazolam[e] <=> Midazolam[c]","uptake of midazolam by enterocytes","Drug metabolism","extracellular, cytosol",NA,"PMID:17498391","up"
"438","MAR12786","ALL","0.0869565307943635","0.391304357181823","2.53311401920943","0.0159131415704801",1.7982440735251,"MDZtu","ATP[c] + H2O[c] + Midazolam[c] => ADP[c] + H+[c] + Pi[c] + Midazolam[e]","efflux of midazolam by P-gp from the enterocytes into lumen","Drug metabolism","extracellular, cytosol","ABCB1","PMID:12751631","up"
"439","MAR12838","ALL","0.0869565283203447","0.391304354513434","2.53311402040806","0.0159131415458515",1.79824407419725,"SMVACIDATPteb","ATP[c] + H2O[c] + simvastatin dihydroxy acid form[c] => ADP[c] + H+[c] + Pi[c] + simvastatin dihydroxy acid form[e]","efflux of simvastatin dihydroxy acid form into bile","Drug metabolism","extracellular, cytosol","ABCB1","PMID:19482594;PMID:16321621;PMID:15497697","up"
"440","MAR12840","ALL","0.0505521326352545","-0.254654495580126","-2.61803388553289","0.0129409612915333",-1.88803346183563,"SMVACIDtev","simvastatin dihydroxy acid form[c] <=> simvastatin dihydroxy acid form[e]","efflux of simvastatin dihydroxy acid form into hepatic vein","Drug metabolism","extracellular, cytosol",NA,"PMID:1971563","down"
"441","MAR12841","ALL","0.0869565291183264","0.391304355854989","2.53311402329355","0.0159131414244208",1.79824407751128,"SMVtu","ATP[c] + H2O[c] + simvastatin lactone form[c] => ADP[c] + H+[c] + Pi[c] + simvastatin lactone form[e]","efflux of simvastatin by P-gp from the enterocytes into lumen","Drug metabolism","extracellular, cytosol","ABCB1","PMID:15616150","up"
"442","MAR12846","ALL","-0.00719029523605525","0.269364632469938","2.35361904225981","0.0245108400404801",1.61064180426431,"SMVtv","simvastatin lactone form[e] <=> simvastatin lactone form[c]","uptake of simvastatin by enterocytes","Drug metabolism","extracellular, cytosol",NA,"PMID:16714062","up"
"443","MAR12851","ALL","-0.0505521465288255","0.254654516792606","2.61803418607617","0.0129409516374761",1.88803378582279,"TACRDtsc","Tacrolimus[e] <=> Tacrolimus[c]","uptake of tacrolimus by enterocytes","Drug metabolism","extracellular, cytosol",NA,"PMID:12676880","up"
"444","MAR12852","ALL","0.0869565323451862","0.391304362242667","2.53311405624156","0.015913140124583",1.79824411298589,"TACRtu","ATP[c] + H2O[c] + Tacrolimus[c] => ADP[c] + H+[c] + Pi[c] + Tacrolimus[e]","efflux of tacrolimus into intestinal lumen by P-gp","Drug metabolism","extracellular, cytosol","ABCB1",NA,"up"
"445","MAR12992","ALL","1.51517309978235e-12","7.18583355415032e-13","-2.2716434630416","0.0290971339749287",-1.53614978627773,"3HPVSTEThc","H2O[c] + 3'-S-hydroxy-pravastatin-tetranor-CoA[c] => CoA[c] + H+[c] + 3'-S-hydroxy-pravastatin-tetranor[c]","3HPVSTEThc","Drug metabolism","cytosol",NA,NA,"down"
